candidateId,sourcePdf,sourcePage,matchType,existingQuestionIds,disposition,recommendedFollowUpGroup,questionSha256,answerSetSha256,spanishTupleSha256,answerCount
categoriab_2019_questions-001,categoriab.pdf,1,exact_spanish_tuple,b-fallback-339,duplicate,,cf8093920402d59add665146ccb8ca2b1fccea4acf9d518be43e5901f808e436,3cabf41f42f71156347da1ab2af73889a1c66586175592f65a2c299f63322b9a,843b9b5e2b439991bd777a72e5b83d9257aca775c3c51aa5e6ffabcc65f3b847,2
categoriab_2019_questions-002,categoriab.pdf,1,exact_spanish_tuple,b-fallback-445,duplicate,,2125445691bd26c2e807bcd6e5075893d68d091fe9b3760988cfd63f77d08c86,52f5d5ce1959cba68935002157a4d4c437f4c4cb29f3a20f094b4ad65579aaf2,695b66b807a2160ba4f0992b60e018770fb9985fbbf8b87aa8000b915e7941ca,3
categoriab_2019_questions-003,categoriab.pdf,2,exact_spanish_tuple,b-fallback-256,duplicate,,0fffc1047f7ae56a9c86e831ad5fec57bfc800ce7ec8880ad56fe7aefb507b87,ddbd1a6a26d5d8693e0a35bad936c6a030aed16baa4d0b542e098e1c904f544a,2475f85e528da51287c1b16d0aeaabf0a1599550278a7f6be1a3fc71716b6191,3
categoriab_2019_questions-004,categoriab.pdf,2,exact_spanish_tuple,b-fallback-141,duplicate,,ffcd38cf0f4c635aa0585283b275cd70ea4158f5ed3c68ab51022cc9169176bc,b021b0b80c40eb752fda0fabc1e8e271e43935a5e221d42bce7f56ba8396416f,6bfbcdfe0eca47b6a5f1a6a3ccc7e46e419bb4f909d6ea95020382aff78d2543,3
categoriab_2019_questions-005,categoriab.pdf,2,exact_spanish_tuple,b-fallback-083,duplicate,,13cbd6b57175ff19c1bbf515d0b5c71698f3925f95a0bc751cfb5169b0f6d6bd,6572428549278c54c161ec43cceaa2a458ef0e3a2e59908c9520ca8a371ee550,3aea97f8747fd35a8d1f4f75e407b6924c8f1dc0491576a9eba5b43cc64e0296,3
categoriab_2019_questions-006,categoriab.pdf,2,exact_spanish_tuple,b-fallback-275,duplicate,,8c3dd70616d37ff68b016866f87c95572eaa8072ea670a5c81223c85f77501bc,4869bd09e9f36b49f6105c152dd50fe7c1a4f3e1ee670c5c3bf2bf4cfdfbbdc4,4cd4046d309e0e83a28fb1bbffab8af57980cec8bb6fe3dbf7579887aa4a8b41,3
categoriab_2019_questions-007,categoriab.pdf,2,exact_spanish_tuple,b-fallback-160,duplicate,,ba3bd3aee0d8b23e29b0ccb52e8ff239febc9cdfb0be119bb5f0fd3fe74ffda5,3cabf41f42f71156347da1ab2af73889a1c66586175592f65a2c299f63322b9a,d536b366e7a939bbc3ea5d60829b4ec7849a00f4823e356daf9d5e62cde9151e,2
categoriab_2019_questions-008,categoriab.pdf,2,exact_spanish_tuple,b-fallback-182,duplicate,,2879a7f73cf370eae4c22d5e6696f2cc7650470cde5bf94844e188629aa8eeaa,3cabf41f42f71156347da1ab2af73889a1c66586175592f65a2c299f63322b9a,f490497e0754cbf003f2ae5d31ba140d3352f0fff0531cd5cfe87c99fe283ccf,2
categoriab_2019_questions-009,categoriab.pdf,3,exact_spanish_tuple,b-fallback-047,duplicate,,fac69665e15897129126981208ca62081ddb56e234297075f74d58705338ca75,0b198c0705b326cfdd1e15beec355db1800dcf33cd041770810924413943ea3a,e1d4675f7e7e2913f213acff9228df2dfd61d3747a0eaace783b33766a486cc9,3
categoriab_2019_questions-010,categoriab.pdf,3,exact_spanish_tuple,b-fallback-200,duplicate,,7e013e141ddb1facf21c90b7c0cd54798c77beb56313d5fa1ddea7b53944c046,3f6f5065500a9e8de52fdee4bb595e42d86f90d1f994762990fd610d99245d8d,c9025f16f7c764a130ce498075b6b91872dcb117f3f687322756c16afaba9b63,3
categoriab_2019_questions-011,categoriab.pdf,3,exact_spanish_tuple,b-fallback-184,duplicate,,3ee3482cf564112dc4bedc2aac4868f26c10a739f9ce76a23cfa865571d43457,00676f2a47bfa07502c87f1bf1dbb67a72f2f5a5382c3dc6cd7d06aab7a9f003,14f9b5b0cf8ddc3480f3151931f7f55b7917fad5855a6f2b2f5687676cf93b03,3
categoriab_2019_questions-012,categoriab.pdf,3,exact_spanish_tuple,b-fallback-303,duplicate,,b125af65f0e7fee6a351f7ebcb334b70cb92daa78705f729be351011e83a5772,67d62ccdb582e13922b92cabce58209fce04de0ec46a21ad5b697e84d935ac52,fb5cfd9e1bc971d8548c9a567f0426adbd3924e4cf2e815f8c04e5b02964df1f,3
categoriab_2019_questions-013,categoriab.pdf,3,exact_spanish_tuple,b-fallback-096,duplicate,,fc5e74e26ff6190676b434fcaee5577f31f0fa03d96e6df2ddea426bf825cbca,336b51dcf6615f8eeed4c2c7d2800cd4b5e3ae48176682bea8dbb517b456245f,524059727d8926c0d8b7d8d02fc050d898221b5b1e622c424339ea0e87bdc7fa,3
categoriab_2019_questions-014,categoriab.pdf,3,exact_spanish_tuple,b-fallback-332,duplicate,,d912e689ef1b26c0e5a42a794b3245aa00def5e004903af4dc2095a41b5e4f88,8f70905c0fff3a6b0a06b8b970f1a9730cd384302093cda17cc91dbd37b60799,737acd58fc3c91129d2f42f050147b4df0a7bd7df5b6343a59e04b5167471467,3
categoriab_2019_questions-015,categoriab.pdf,3,exact_spanish_tuple,b-fallback-424,duplicate,,7967f9b400bc27a5f495e7584388e4b9baebc43a362539e795e66ff3d5beaac8,3cabf41f42f71156347da1ab2af73889a1c66586175592f65a2c299f63322b9a,2f8e0ae7b31e5e9d52bf681d421026158ca49a60e1c0c02cfdcae13ae8b454b5,2
categoriab_2019_questions-016,categoriab.pdf,4,exact_spanish_tuple,b-fallback-098,duplicate,,2ceca0b4157dcfff5631dea9f65fd7fff76300a1ea15ca1991de1236eeb2ff0f,0dfbf9f4d1c083dc1fa4518e679b789b187b1cd9abea261441e76464b036d846,bb8eeee1cf3aa466d7a0b1c0ab685d1820f224043491e529c681fc2aec484144,3
categoriab_2019_questions-017,categoriab.pdf,4,exact_spanish_tuple,b-fallback-048,duplicate,,af6dd880cba63468a37b87ad636986e87b89dd4af826c51a13d0ac0a840b1d24,d4a16bffa036190c28f3de15fab3176ceaae127cbd8feb3c0ff3d7a46c690332,5875facf8172b8ecc18f9dab49b85a46f7edd68c2c1e13c0f272928bba766064,3
categoriab_2019_questions-018,categoriab.pdf,4,exact_spanish_tuple,b-fallback-352,duplicate,,d55d430a9965690a727e2af508ce53121d9f2b5129d0b32672b84dd4c656072f,b1838649159209f9c831a901967dbb193292f89975aa2e5694a99b92ec58c6ca,afb1d33c50c87fcfffaef469d75501ad0b6d1e1aa0fe123c395a2e0ababcf001,3
categoriab_2019_questions-019,categoriab.pdf,4,exact_spanish_tuple,b-fallback-285,duplicate,,138f702e63b75af47bdf3a7b1da50124c5e2c964ddd569beca9da05088795b62,41b4fe7a8f518f1d9a8fd7a0aa2aaceba0799d99de1cf70b0d1215de1f635607,5dd2d4236d63b2e5c646b186180ce18a8c5b775c03761932f621fd692fe3b881,3
categoriab_2019_questions-020,categoriab.pdf,5,exact_spanish_tuple,b-fallback-371,duplicate,,d55d430a9965690a727e2af508ce53121d9f2b5129d0b32672b84dd4c656072f,7329fefd1cf1c222ffd408729c896e239fb893c368c085bee8b280c74b626568,0e7b7b86b880524b5ce7fdf068586da377190b22d59fad6aa1d65e9c989fc2b7,3
categoriab_2019_questions-021,categoriab.pdf,5,exact_spanish_tuple,b-fallback-061,duplicate,,cea20660229fb4052bcbd52313d31d461a0dc6d05853de686785eddc6a2e9c91,705b81120942a1986f84238637fc1dba20b54d53ccbdefcf23ef57613a624ef9,aa7cc15e4e88941f98bece6239ddf105a5e37c73599a92b64611782d8de6cf3e,3
categoriab_2019_questions-022,categoriab.pdf,5,exact_spanish_tuple,b-fallback-368,duplicate,,60d2bca2eb92ae671c1a788a06537412dae2f4fd81c0da4fe619437f19a6e2b2,ddbd1a6a26d5d8693e0a35bad936c6a030aed16baa4d0b542e098e1c904f544a,8a20ebd318f0c7882524e743c786b4267a8ae6b119d0bdba380ee7d217b5684c,3
categoriab_2019_questions-023,categoriab.pdf,5,exact_spanish_tuple,b-fallback-069,duplicate,,bd67189031c432b7f917b0de4551225a435ff0d481f6be2e6dff241b42d1a428,d9dbfe07cc24e05b3eb9aa09cda1ac277b057f942034a476bcc38843411bc095,cde6981da2bb981be0ee4f03f25724e919d46a1845370cf59dc625a4cfd1023a,3
categoriab_2019_questions-024,categoriab.pdf,6,exact_spanish_tuple,b-fallback-059,duplicate,,16c15df2cc1cb4870c899ba4bad08d751161ab2820c61584a693d083ae358b09,0dcf3a62c15a54d07c527f4e26a79668659d72a5a7a64578fa67c7025afe7c2d,f79f24091f3a8c3916545f2076d63f3e7457a95f2874f87f24932c876be7a1ce,3
categoriab_2019_questions-025,categoriab.pdf,6,exact_spanish_tuple,b-fallback-284,duplicate,,47e8bbd69612e9bd3d09a7304204f8008b3a3f83e504a0b5fccfb35eb964f92f,0303d779deebefed9d6b0c2b04e437a74c69f9c2bffed27b50977b1c8a49d174,345c0a7b31a36a8f257ee2210dc73ceef9f72310d759b3fb5c37d503c4765ec7,3
categoriab_2019_questions-026,categoriab.pdf,7,exact_spanish_tuple,b-fallback-354,duplicate,,dab103950f4461551a6aa5554b00aa3138e71dc5e6ba73864769ca0780856e17,4460117809cb9078e363e2c33ee2608817ec17b100ec0279f83f782c47882935,04e0fdd8d9b43fa725d6944953e864e90b28e4b6f37a259fc31593541d221d15,3
categoriab_2019_questions-027,categoriab.pdf,7,exact_spanish_tuple,b-fallback-366,duplicate,,cd503d54281c55b43e4ca2672bae0681c7bf03d8b9888ae46de2084b600c16b6,b07608f5c9cacbbb1bdbe1cd1e2e47d26cd4ec7c5970ce42318355ef2a43f0d4,43bd9ef83e3db4f49589fc21e534073654538ffbe75ed753844a157d112522b7,3
categoriab_2019_questions-028,categoriab.pdf,7,exact_spanish_tuple,b-fallback-058,duplicate,,5dfe996d940cde5e355c350a33aaa5b5a1fdb8c12f5e13c3634d9fb6151e4815,5c1e03decad927e0c2ecb4b0806e559cb73a292102e84fb7559081e09e6a463f,a753e469995d63d55e328000297b8913296da19fc684c8ca27e6560c9b95f618,3
categoriab_2019_questions-029,categoriab.pdf,7,exact_spanish_tuple,b-fallback-228,duplicate,,179e6c5ddc1fda8a8e65ededdf87b91dfaba3e518e53c5c3ef9c3abfe502f002,14940959a97e3badf78931f40b597889c63ceb2e9cd2492e23cd52336bd1fa6f,fbba2fd886796dd012252adca904ebbae32b9014aa0cd2bd7dbc177a1af61e1d,3
categoriab_2019_questions-030,categoriab.pdf,8,exact_spanish_tuple,b-fallback-458,duplicate,,a11da7e773423fcc840c64d66fbc6fe0da2ef2710d43da4dc711030d9a602d3b,d44590d4a0ed7015b440e345ee73d97c606c53b79a9aeadcd520f4cd1e1d5405,bc00f4ed95569219482f2f0e046091c0b661f0b3333038ea76b1d864a6dc9d68,3
categoriab_2019_questions-031,categoriab.pdf,8,exact_spanish_tuple,b-fallback-425,duplicate,,e2d7d70af3726a0aed8903e65c7ee57a741c783ca395b570360855501c006df6,b157b7841360e9265359520f1dfe004ca1a15f829ea665c8d2c98b7a48056d81,e26222176eb1e77a04041ee26b3aa9c7c81a5bd2a8576a139cf82a8a368ba971,3
categoriab_2019_questions-032,categoriab.pdf,8,question_text_only,b-fallback-130,ambiguous,manual_review_ambiguous_2019_variants,9e41e81bfcd62afeda6c3f7e9273a4567f30f63f398118d1f79494558f802e5f,e637759c2172dca942f1390d217fb2e54f4312224eb57274d7912b050e34ebe9,2bdb60b6deb604f3c0721139e091ead10446ae470841d2eb8d090eb3bd17d042,3
categoriab_2019_questions-033,categoriab.pdf,9,exact_spanish_tuple,b-fallback-373,duplicate,,c4ec6b71781c990588341cb8c2e108d273bab7c7405076b7daf84443b3ace080,20f9bcfc806ad519a0f91d25c0008c6680724882cc35f04312e3dfc63ef0aa80,7a42f51ee4e3cfe736013bd5453cd016108a983cbc4a5e621101435c596a2f9f,3
categoriab_2019_questions-034,categoriab.pdf,9,exact_spanish_tuple,b-fallback-142,duplicate,,e362fdb009392fd38630b24d2b18afd37267a1fabb86a3479fca515f7cc72cae,377bf72f84aea08955333fe7ac79927edf8b42d0f21012ecab66a77b48b90984,48ba5f9e324baf47e313cad95337fe993c879c28b6fd20cc4d9316ec855722e7,3
categoriab_2019_questions-035,categoriab.pdf,10,exact_spanish_tuple,b-fallback-001,duplicate,,3077748ef75c3b7e01424f89ea866dc01aae1a17a3e5e1f69a4ea6d9aa5d4b5a,36be198d1621235d351dbe780099af6eb293facdb2334b9f586ccc7eeb90d6fb,173b9fd7e6360f7cfd2f2fd1382e37245acfb4644db96789cd80a9bb398bef4a,3
categoriab_2019_questions-036,categoriab.pdf,11,exact_spanish_tuple,b-fallback-277,duplicate,,c763a2a4f683ba9c4f5c565f773f65c4ea21db83a6656f80d5c98536d4212d6b,71a082a143267217690c0c3a93652f440723c0bb73b3fb356295dfcac956c068,9b4b63d758f612f3fde847809d2493752eb765b8a8b2122205f72170390fee59,3
categoriab_2019_questions-037,categoriab.pdf,11,question_text_only,b-fallback-036,ambiguous,manual_review_ambiguous_2019_variants,a8c994ff49f67d1acfc3350950ec0665f76e02b2aab85f3d9d37fbb983db8666,2d2dd41717dd15b7d3c6dc671965d390c49c4c12832edf41632956d42b0d2301,3c698c23f2e11f13c68044e66788c5bff520104b915db46144a3e7ce09861a9d,3
categoriab_2019_questions-038,categoriab.pdf,12,exact_spanish_tuple,b-fallback-272,duplicate,,ea7926675c705069ffc562645c6b228dc644f21f119f5adbe474225e7d8b3b0a,d10a37c1c2e9c1ac647e1be9a6ff52219fc5a3c0d5344b35ee7b76dfb4d63332,33041683f2cd499f8f562eb4c978fa0bf444fcc54199e3a2b0748a1aa5a0b3b1,3
categoriab_2019_questions-039,categoriab.pdf,12,exact_spanish_tuple,b-fallback-174,duplicate,,67afd632caf2237993a21858a0eeba6b9f30405c0a066f3ac69b38f0c8f14fa5,55ef62caf498c7b082425d8db9d0a3a75cffdbfa9ee75d1943cde59c0d849ba7,fe241eeb0c25a4beb9018293d245e8a8215f036911e60d50a1e1bfd7cd91504e,2
categoriab_2019_questions-040,categoriab.pdf,13,question_text_only,b-fallback-234,ambiguous,manual_review_ambiguous_2019_variants,3f39a7b9d80495d3f3df8909c26d074979ece40db5800d8a8c9ee62f3ed24017,a901d73af8de0c6669e16434db26d88d5d405e0e6285fd35e93eeebba71bd319,009417f659eba3251dcfbeb2e226543e2662ea1da211d9e1b56737ecce9d0508,2
categoriab_2019_questions-041,categoriab.pdf,14,exact_spanish_tuple,b-fallback-279,duplicate,,ce0a4464cbdd82c188ae46f4b33dd8432ee820f4d15fca27f8af3c7def139f7c,b0368da836e2d683ead081e1240b340033e7b0f26ac02c1519ef1a7e250bce96,443d6c7346737d422da0cc04bfce1550631278061bb09b9ff9644321dbb2d948,3
categoriab_2019_questions-042,categoriab.pdf,14,exact_spanish_tuple,b-fallback-038,duplicate,,4b8ade9def5de979f05056704ce29d5611c1bd764676758851e2b91cf2dc65c3,8a56751e705482884f72fc2e04aa94e50e61b98c829bca0652576d3776226ec4,917786cd45e0ce354eb2df58d6c608792c52fb39600cb39b5dcda6a1fab1f125,3
categoriab_2019_questions-043,categoriab.pdf,16,exact_spanish_tuple,b-fallback-090,duplicate,,5005e8791d6f41681c6c03f483077a7deeac0ecdb05d298a506baa95a7fad959,0576b0bd1b1e87337041cd17ec4c8310d233180239806c58874444db8dff794d,90a79e5eb4bbf8f8673039c0574d83254f93772ade6287ba688a9994b616105c,3
categoriab_2019_questions-044,categoriab.pdf,16,question_text_only,b-fallback-107,ambiguous,manual_review_ambiguous_2019_variants,544bed47977cc5f87b0ed401e98c337febb05c2d18bb60c39091b75062772cb3,6b950f9d00ca157ebf7afd0f0fd230dcb4e52788adafe400ed12620962693eee,b209e5cdf23f5f93c5eb7730087b89cc10b56e6a31ce2aff55863fc208956f23,3
categoriab_2019_questions-045,categoriab.pdf,17,question_text_only,b-fallback-092,ambiguous,manual_review_ambiguous_2019_variants,1d3083e251806c1e6fb39d65a1d74b59f62f91a22469924fff19ff57b50a8d21,79844278ff631a1861559f0497ba50e585c8466ec903611930208b0aa448478f,637bf9ad4d0aeb99807ae7f1e1e3c7167664875ae939d8d4ea1d0ed2ba059905,3
categoriab_2019_questions-046,categoriab.pdf,18,exact_spanish_tuple,b-fallback-298,duplicate,,aacde802ae4c4d4796d4e5c915552a09f6f1ae8cecce42e8c6d5a08d707a42a3,ff8d0a837116ecc10c2dae7abc1b959927a9fa5373208515801ede66d6c72592,a7928fad0ea0ad303648dc81510c9b6a5b878f8a55b425f704a935a3ff8a2c83,3
categoriab_2019_questions-047,categoriab.pdf,18,exact_spanish_tuple,b-fallback-438,duplicate,,89265f86b5d21bebd78840d310205a9b4ca00211d560d2aaf7a3a47380eccf5e,823f0a7674e574dd12e5d6d50792b5174b0a2deb30f703dd9c493c642b4234cf,33791563030a8761460bac86d898ac8864cd0c1998b5027d59d49e71887363ce,3
categoriab_2019_questions-048,categoriab.pdf,19,exact_spanish_tuple,b-fallback-302,duplicate,,d7e28cabeaa280e8791716d199152a79c3b9e129618298fb83ff05f7ba59a005,4611f308eccf003192ff79829aad8bf4375c1af4a3777c174cdfd84ed5495f25,f229cd931764d3ff147e459d7fdc3efea56e25c624770d6c694251f04fa44b89,3
categoriab_2019_questions-049,categoriab.pdf,19,exact_spanish_tuple,b-fallback-223,duplicate,,94460be2ffbfdeac3dbf22c8e7219e08abc70fb93880164c62341e8be806c26f,5d7f76af9072e8f4968bb71f416e257c46c1364b95dac1d689b8243e17e483d8,223136f81307ddbfc0d112821019eae3f1f101b3bebf1d0d181d71f63275b66a,3
categoriab_2019_questions-050,categoriab.pdf,19,exact_spanish_tuple,b-fallback-052,duplicate,,898e3b0443ad0258bf771d67a376e7066c2bf1c8da1318cd74fc7d22651bf551,4db82a71e62f49444b92fcd55635b8e0b0257b3cb04bf69d4defa03d8bb18b00,7b00518b3937bba09b525b39f4987cc7b92ffbf4542de250fe7a170248e0ccb4,3
categoriab_2019_questions-051,categoriab.pdf,20,exact_spanish_tuple,b-fallback-230,duplicate,,18be2715e108703a871d5393ffad4b3fe3c0885a1d9da7e99bb7c53b722badc5,bc0e66cf28be97fc791e01de314979f7b8373e1f1121e1c12094b62fadc38c17,13d7b5a2efec043cb5b4446b6e1f0a28edb9e4fb5f65f65a99adaa10866e75c0,3
categoriab_2019_questions-052,categoriab.pdf,20,exact_spanish_tuple,b-fallback-167,duplicate,,ecd3f703f272a78a7ae3ca96c23d49e80ca007b26fe726e21c3bb1c305c40316,6610a933ce846b4b3fb1488c947452e27047f3627d90fd1edfc04c51db3c5d62,555e9d57b0d45f7e48ba87ce91617302b8c16f25466279c11201b217f872c085,3
categoriab_2019_questions-053,categoriab.pdf,21,exact_spanish_tuple,b-fallback-369,duplicate,,536694d9bd43eff19dade8eff71788880002027fbfa8e2650c5b353cd254a1fc,a3e1f847a6ed7f80f07168dbed0b98c12a72b0990b5ee65af98e591220e341a0,975d33616c20af605d99cf25ddd450823f80e1e4760251bd45ba40cc9d72fbc9,3
categoriab_2019_questions-054,categoriab.pdf,21,exact_spanish_tuple,b-fallback-408,duplicate,,3dfd707b8ce27195d69e74e2dfffaa96d9fc99ff4da38609ebb9ce875b9c4e79,9fc900e1a8cc65e1c3096f56a05163c2504cfdbd712606a90a6ac95e55d42a84,3b20ad7af31d350057396e5b9c279cf59cb03319c9f5f9a3e11e7043e7c206fa,3
categoriab_2019_questions-055,categoriab.pdf,22,exact_spanish_tuple,b-fallback-320,duplicate,,6a7c38c6574c8a71b2e7729fe4b21c3f37982b8437b5f20865682033dad03dbd,1c05bb552caa73423114aab6cb5ed08a29d9f3d1e9b628de2515ef651083d7f7,d69c4f5373137c5bdde51fb961893528de6debe0aa0497bfed9f5036aecf03ea,3
categoriab_2019_questions-056,categoriab.pdf,22,exact_spanish_tuple,b-fallback-274,duplicate,,e9f98975a4a0ab533a305c40779876d8cce24b634f8bdcde4511197b53be3e9a,3cabf41f42f71156347da1ab2af73889a1c66586175592f65a2c299f63322b9a,b5818ec034fd6134bbdeb39db8a08c54047bc8cfe0bd3b047c9e55fbcb3ad83f,2
categoriab_2019_questions-057,categoriab.pdf,23,exact_spanish_tuple,b-fallback-020,duplicate,,7f79dc8067b4d2531a1b67ae0eedec02e68ee2d59abb94b6e3648b9dcfa8d6ab,3cabf41f42f71156347da1ab2af73889a1c66586175592f65a2c299f63322b9a,b6e8452362cecfc00f3c3849c2c46ca1a310dc51180d35ba14b79996e0e12f1b,2
categoriab_2019_questions-058,categoriab.pdf,23,exact_spanish_tuple,b-fallback-008,duplicate,,f82402d086069fd8c53d5f242b6b24d93cc44f47a0091c378695a84f5e4f9407,0c11e043c1b30cacbbddf3e41be84c0b74fcbd5675adf72b50cfa7e7b3914bfa,bdfc751e1494077eaee04bc57d521bac0ffef450325908720307dc9a5d1b7634,3
categoriab_2019_questions-059,categoriab.pdf,24,exact_spanish_tuple,b-fallback-294,duplicate,,8c4c596b2d459ccc3535e7623d4ec623efcf1fc3db513ea882195537d1f00f11,1c2fdbcf3b1fd1581676eafd67e0d6ab561ae81c4ab3f412e75a2deb3e17cd3c,a5c9137441c8cf9aff9ad04b4dc6f1edf263db69e6556168c783d80b318c35b3,3
categoriab_2019_questions-060,categoriab.pdf,24,exact_spanish_tuple,b-fallback-426,duplicate,,fd20c2faf1eef0490797367a419ddfbc3aa2897647d48ea829f888c1e9a54a7c,ddbd1a6a26d5d8693e0a35bad936c6a030aed16baa4d0b542e098e1c904f544a,b755a92a0ba12752f671f7f9c22693f6625f297cf3a99ac829d7e8784dcabc75,3
categoriab_2019_questions-061,categoriab.pdf,25,exact_spanish_tuple,b-fallback-168,duplicate,,759adb9c18d85293d3f910864044bb0599423274cd04f7652fd5140a149a0758,ddbd1a6a26d5d8693e0a35bad936c6a030aed16baa4d0b542e098e1c904f544a,6e9d432c30e12afb52035809b076ac80a6ec41e6fcb131b49febcc6d94c6c3f3,3
categoriab_2019_questions-062,categoriab.pdf,25,exact_spanish_tuple,b-fallback-037,duplicate,,5c58950ee310cace6e393fdc489b1c6fd95ff01c240e463965e471e02c555014,a75933d12e548ea7f15f29b17c37ac849ca70cde822c2531f3f0e6aba0380c1e,5a16942cb916ee1796117adce9caa8d4ec366e4210369ea40e714c9c7a3ba18f,3
categoriab_2019_questions-063,categoriab.pdf,25,exact_spanish_tuple,b-fallback-337,duplicate,,00874255213d17da1df7198da97052c905f92537ea12778ff2a36e58626ed88d,70761356537d0fcd2a5857b2c65405c62e95511eb569240279cec84c140968ef,9c4805edcb65f3c80ff0b53d4038110f434064421dd67d28c37d0247685a2248,3
categoriab_2019_questions-064,categoriab.pdf,26,exact_spanish_tuple,b-fallback-276,duplicate,,8bf22a8394fe3aa8a8a3154b23e92dc32cdb0f11d6ef1bab57ea1b77a76b342d,11536513e474569a5acaff566c034bd6ff086203be6b6d36354978e2fb7aa6ab,ff18969d9d4466fee950247b343e46c3f5c64c56ea2a549e69fc6d868b181a99,3
categoriab_2019_questions-065,categoriab.pdf,26,exact_spanish_tuple,b-fallback-108,duplicate,,62fd173c8dddf6be1d4ed945656139ee6525252e793043b005dcece4affc20b3,3cabf41f42f71156347da1ab2af73889a1c66586175592f65a2c299f63322b9a,efc31db013f066f3cf968efb6799e45675981e29525f5d5459683eb96aab88dd,2
categoriab_2019_questions-066,categoriab.pdf,26,exact_spanish_tuple,b-fallback-388,duplicate,,d09ca85edc05e6f7f85f8e594871f61843206fc99232b7a713f13c2fbee81b25,6c1efeafd0c64262e5057adb2702d2316bcf5728f7cc7626e21c6f909c8ddaef,086616eb88153a1b8e8d86517b035a35390dabce4813f1c3219dcfa87585b704,3
categoriab_2019_questions-067,categoriab.pdf,27,exact_spanish_tuple,b-fallback-263,duplicate,,bb0e9c45486b37bc7d1168b8b097786a8a99de9978f2a49618ef4c258ea08c7d,ceb2060e8b7bd9cbffc13ff0fe2b88b137a305c920d6cc7dee43ac6085274bd8,e2a0c4c86db9d20947778dd377980229ac2a283377e0c90271cf18354b4085c7,3
categoriab_2019_questions-068,categoriab.pdf,27,exact_spanish_tuple,b-fallback-151,duplicate,,4d1996dfe2883b9a7a107fc87669bb99dd4d648349e0ca2b44b6dcebb5c4acdb,5257eb8354243a0c61443fb3b9e6c7c366d9dfdfb1c7d8f5e915fd9f686739aa,a55437b2d6dc847aada2dbe8e635d6dfcd9971ef3177482b1280971cffaed982,3
categoriab_2019_questions-069,categoriab.pdf,28,exact_spanish_tuple,b-fallback-406,duplicate,,d729ed3a28df210ffa5895c6e6bd570d8ad3d29f7539f90f044f190f1c78d32e,3cabf41f42f71156347da1ab2af73889a1c66586175592f65a2c299f63322b9a,2183d4aa431729be30d35d3fbdd8aa2160814eb3d5d431ef466f11c1581a3e00,2
categoriab_2019_questions-070,categoriab.pdf,28,exact_spanish_tuple,b-fallback-434,duplicate,,bff18819d79a3095038a6cfbee8f2e3c1e8b2cfee61e48f4caed54f76f7e43fd,3cabf41f42f71156347da1ab2af73889a1c66586175592f65a2c299f63322b9a,9b94614b31ed38416ba3d37bd0f9fc8d21d5660d2ff361a2ea65af6a126cfadd,2
categoriab_2019_questions-071,categoriab.pdf,28,exact_spanish_tuple,b-fallback-235,duplicate,,e6a3f58229293e295e5b062874e5dd23564d1b46b9e3bc73ba61d44ba970198a,51b0d9f7ac40f013ae5f1fd3f12b46e75e403a9aefd71b09ad8b045952876a0f,0cb69a9a7757fb992bc182e28e4526ff520a45b3411cacaeb1d25b34d15b4070,3
categoriab_2019_questions-072,categoriab.pdf,28,exact_spanish_tuple,b-fallback-328,duplicate,,f9d285483fc3542d8f0f07b447ca43615438755a7edd867e52d3b1da40f24640,3cabf41f42f71156347da1ab2af73889a1c66586175592f65a2c299f63322b9a,eb6e3362e74acdd23db6994f60f46550d44f7a6e4abfecd033eb91ed96e61af4,2
categoriab_2019_questions-073,categoriab.pdf,28,exact_spanish_tuple,b-fallback-003,duplicate,,3ec5e813fccc439bdc662729c85e6052d92f6cecd2fbcb41e5c49acfa162d556,3f3f8d667f3348ed921c8977b0d6c21579311d45bbf2435773e109000fc6c478,71a1ebcf6901a52a1e8579c602387172500e8880bc7b0373bdd6fb5051e1b852,3
categoriab_2019_questions-074,categoriab.pdf,28,exact_spanish_tuple,b-fallback-307,duplicate,,e3f7c4824591f2b44e94fa53c1a8af5f9db5c793ba0f440eeef5afc8f38ace42,f7c79878e029e39b882fb54617fd42700fcb193c8f247bfc1fe4b6767f709572,4240aeb25f70d514ef9af356265ca1ef85d786ca45a5a7b21fbc33b5c54fe106,3
categoriab_2019_questions-075,categoriab.pdf,28,exact_spanish_tuple,b-fallback-447,duplicate,,ad87188e98651f3f6188ce0d9312dd2acc95857fd3cdfe17817bf352c3769e82,7014e1fe848be717153c61556a2ff87d1718f64e649595a9be56c4254b20da30,f83a8b7b159d79d43000f2bddf611d7679bbac7f8e11e28efc2f4f70aa61219a,3
categoriab_2019_questions-076,categoriab.pdf,29,exact_spanish_tuple,b-fallback-062,duplicate,,7d5c887dc125b128db13991bf19c808104e6a357524d4d9ede09267a65105d63,25cc9c42213bbd15eef18deb605e39cd8a9908b593f6527d134f352457262ff8,7898140dc71e0f79387f54577040424076574d44e1fb40ee32e42178ef29b88f,3
categoriab_2019_questions-077,categoriab.pdf,29,exact_spanish_tuple,b-fallback-253,duplicate,,71f9ef1cb2da6ded8a588d5b23dd28414266a15ca2b31264788b6836e167698e,dc870032fd15f3e870f5e76a2cb48548aadc4c173d30fa11fe9c71700b248b72,d97c5c681af437d7e85d709b7f4a318dd72c668fb603385dac834e9b0784fd9b,3
categoriab_2019_questions-078,categoriab.pdf,29,exact_spanish_tuple,b-fallback-199,duplicate,,ed1b6a51e611ec06aff24f094705c6f0ec8ae35dc4e7255a89977bbcac124737,204da0fac12fa1bc492bcd64f0baf03ffdd3190b5aba833e2151d086e7e9136d,2e2afb9ce131d9ba2a26573d404f661176a3c9ac9062d9a150c96d06b97dde6d,3
categoriab_2019_questions-079,categoriab.pdf,29,exact_spanish_tuple,b-fallback-351,duplicate,,fbf1fe0a5bd04a13753f17c48f1b6c699b799ccaa3d635b64806d70374178210,793b70be527bb2ade1d2c76433583f7eff51f3cd881be54602708fbca2e06def,1bae72e5a0ab73f047d6f1b0340d6b2131369cd1f15bc0eb7912b02f4b30000b,3
categoriab_2019_questions-080,categoriab.pdf,29,exact_spanish_tuple,b-fallback-023,duplicate,,e01abb94459a6c966e155e295632e018fb98a0e86a3d9b0f0d56721bfc3c3a09,b3fb14d53c1b099685eab310c51ad1e8da960596d16b00a2265d7f26b133f6ca,99df3d7680a92b33cea580e8d8ad76f75e851f904bb7f59746f223373185d750,3
categoriab_2019_questions-081,categoriab.pdf,29,exact_spanish_tuple,b-fallback-146,duplicate,,c3c98c7fd6579852db1170c12e9efab0e0a681fe55a3b6d74f54c04aa1bf4721,bd781ffb7aa7d183cbd27719ae587fd0157f2d87481f7422d90f4343e43c2a17,3d3e335c7dbff93df1d4608bc69b5c610d7ef36196c2eb5d7749d80da6dcc02c,3
categoriab_2019_questions-082,categoriab.pdf,30,exact_spanish_tuple,b-fallback-201,duplicate,,af226f08875492168d4d38942f0dfaa02bbc72003b70ab4238d8d8ce72eb60cd,a6a0b078f99c87f023198353a2fe4e42991bd9b581a49303f6c703c8d11d5db9,626e8efba027e8e70d2546867e48d530b0fb7cad627ac33b5aa7857aa4ca1439,3
categoriab_2019_questions-083,categoriab.pdf,30,exact_spanish_tuple,b-fallback-218,duplicate,,ec91e57b032f507ab5709fe7e7bbab1485f2fcecb22ee4bc92ecf049145b82b6,060454b3880f8552e5a8b22746386c9b2a5168b327019b64b3d51bdebc6b909d,869ecf62da56df85011e01775d7bc15c23ca610246a1f82a5702c66fc8cc93e2,3
categoriab_2019_questions-084,categoriab.pdf,30,exact_spanish_tuple,b-fallback-157,duplicate,,37f51985dc78d6ccb178ecee5c49120650d7bd8fd7c251c4ebc9448ac771d57d,442371336d4e751b341e27c5241a2253228d77a84809e46641bac7f5cb24481d,60eb58c1f9d1b4ba1b3051957eabc82028ee5dd0590fc34944d5f89ccffd8291,3
categoriab_2019_questions-085,categoriab.pdf,30,exact_spanish_tuple,b-fallback-395,duplicate,,30df2a2bb7ee5dd8386653f42a4c0c0286069b76750f4654ee33f679f9347335,e6a63fbadcbd82877ce2501d4352f643b23507cc7ea58f38be315057396399b9,61051c846d430e2e8b260c9a15e54b512b6934a3c87018becc9469e42aef5e31,3
categoriab_2019_questions-086,categoriab.pdf,30,exact_spanish_tuple,b-fallback-145,duplicate,,585aec15b0e823d0a47a6ac8c4e9cef2ef71c4e2f6f52c7d46858596dfaf979c,721d89f8b9d5f794e0768ac69bb40a4cdb3fd982de70b7090c0e468f88738358,0242312ea61830a5cbbc16b79dde350b6a09bcb67662deccd24cda1663aea578,3
categoriab_2019_questions-087,categoriab.pdf,30,exact_spanish_tuple,b-fallback-456,duplicate,,0b97c55ea2bc15e40358db4ed1d2c59df1cf33cbdbc584f98c4931306a906aaa,8b752929115f54b5debd544a505a63ce89b50be8114555d43d9216c369f40808,81d038f6877a60a3c5592646be3de529f94663e20a2938e010aa3ae8d853a77e,3
categoriab_2019_questions-088,categoriab.pdf,31,exact_spanish_tuple,b-fallback-309,duplicate,,6713a341e1b81982f407819e081c73fa39882cc3ad8da0f74d205cb5f0f80e0b,e82bf4ce2ee33c395b2e02dd8258c867a40161e6e8d28a3564b5f583e4f23ebd,44db833cba116ba5b2fa98b39e82602f2d0b76c9725cfb8ba40091636bafee06,3
categoriab_2019_questions-089,categoriab.pdf,31,exact_spanish_tuple,b-fallback-024,duplicate,,f9f64affaf9b286085e5dd0dac2dc89d40265cce787f1559e515e6d4527fad1c,99455160d8955684e9d048c2225bdb684e9d41a407fc4719d690a33959c6c53d,f280df5c6fa973a296e8a1cf38cb16fa91720de2c6a959a2267abd52b20a6bbd,3
categoriab_2019_questions-090,categoriab.pdf,31,exact_spanish_tuple,b-fallback-432,duplicate,,5e1268c81dd5fe8c8ea4da4006e0e222dba0fb3d1384e306ae9a701c1c7914ae,3cabf41f42f71156347da1ab2af73889a1c66586175592f65a2c299f63322b9a,8dbff51617867f4927ff6a8ee48ce9db01be964ae406e570617ddfd8a532e329,2
categoriab_2019_questions-091,categoriab.pdf,31,exact_spanish_tuple,b-fallback-173,duplicate,,4ec42ac5ce176a110c7b09edfff0bac1d4a6780d836c1f3370584fc4d5dde87c,298163993a66e367177ab11f3636256f2eb1824bdb3090fdf47bf8e446f046c0,1b2625cbbc5c663584dbb6ee5320a59cd28c90ce686cd8ded8676b21a31adba4,3
categoriab_2019_questions-092,categoriab.pdf,31,exact_spanish_tuple,b-fallback-433,duplicate,,e159bf8fe7ce3855ddc1454cc10f64d87ccaeeb98e0c9df4b241bf0427f47c67,e98fbfd6ee02a18473f651c0778971d4cc30e5c597fc5c81a5dbe0a2576e75c6,556cda9a9340566fef0d325ba354064cd375e433fa2e7b5cced93ce6bcaa4e45,3
categoriab_2019_questions-093,categoriab.pdf,32,exact_spanish_tuple,b-fallback-226,duplicate,,4c004f8f413bcb82f0d67d5e73988555dec37b4a6f2916dc7b0e3fd178b1a776,474e0412bb607e51f78a6aae9e85568560633083a52bbeb7b332d47c0dbb35fc,53881ebef7d86176037d569d0b3b8cf9cb3f80ce7eb5c88efda02a869e9805d5,3
categoriab_2019_questions-094,categoriab.pdf,32,exact_spanish_tuple,b-fallback-027,duplicate,,14f60bf6c363bde4a6af5a774f3f06a244013630ae206fd2c9b086bdf41fbfda,0f66250a2f271626720785fd56e2c4c3ad9a9960b823c9c9d63739fd806fed2c,a255f6c5c560ec78b6c7a53627753a8bdffff662a30bb48bac7af2d217ccd35c,3
categoriab_2019_questions-095,categoriab.pdf,32,exact_spanish_tuple,b-fallback-143,duplicate,,60bdfb8d4da8d43d97f7936c92c207bb654430b05158a1fdad8502c872ac1459,43fb43bb971a85ad53cfee6aaee01a09062e8ff4be44749e9f7a1528e4b5bc55,09df93980a0055f91cc63893b241b578e8b18f3f0608c67f45fadf0efd3672bf,3
categoriab_2019_questions-096,categoriab.pdf,32,exact_spanish_tuple,b-fallback-078,duplicate,,0c046de85e39fc1b99fba22b6c2d39edd23ef128b052fedc394beb48afaedef3,41b4fe7a8f518f1d9a8fd7a0aa2aaceba0799d99de1cf70b0d1215de1f635607,99c22fdedad3c62dd6642c7067fa97392048f7578f272de8c9da755ed3bdc775,3
categoriab_2019_questions-097,categoriab.pdf,32,exact_spanish_tuple,b-fallback-135,duplicate,,7bdd82f216beddc3dc0521e031efe07f8b65e6052c4e159187d570ddd358b368,e196ecda7134fbead4c73bf5b4692796f5d9ef617c2d7756bd40c5bb83aaae46,ac9c1dfe2cdc81f01fe6e5bde04856fba946985b1e9e0d8679523657fea559bd,3
categoriab_2019_questions-098,categoriab.pdf,32,exact_spanish_tuple,b-fallback-072,duplicate,,9a1308e2104827fd0eacc6c53c529d25ab9be33d63be5f540ead9437f64e2104,29b6f6ae42092a93449b52be1626547d309d322726eb531ab5cf952bf8443fdf,56a661d852c112917f6cd4fdb60081bf54ff4fa2cb72ccf929e58b0cfde4acc4,3
categoriab_2019_questions-099,categoriab.pdf,33,exact_spanish_tuple,b-fallback-114,duplicate,,d09f5a271c02de1e84afae0e54f2d7ecf5ce7365fb3e01fe099f4634c48be40d,a0927ddd1b8bf9ee37c4d9b1b81617a7aeaafe688fb88785c76d27780cc0dbed,92aa008e9eead662d2097ba2bd62f1197e79d5dbd586260db4d9abbe60a64065,3
categoriab_2019_questions-100,categoriab.pdf,33,exact_spanish_tuple,b-fallback-259,duplicate,,f4fa59e85611b14db70b5d0f679d69cc1242eb89dc9e3f30a9b5e1bbec6041c1,d6368c1ef1672d6a5c2e5328d19e6e512368dc9d94b1e762fe25b9798f82b5f5,fc896f500228caa7795610e47ba1bc434dbd09de2a0cac44a6f5b7637a893f05,3
categoriab_2019_questions-101,categoriab.pdf,33,exact_spanish_tuple,b-fallback-214,duplicate,,f4fa59e85611b14db70b5d0f679d69cc1242eb89dc9e3f30a9b5e1bbec6041c1,053c8028d8e022e9d98b133f60bd5a0205b5ebeb07ef4c632ee2abfaf02f45e9,3ecaad525c6fd01ab4000979f186394b80a3c16fb68aa77e8165d56d55dad136,3
categoriab_2019_questions-102,categoriab.pdf,34,exact_spanish_tuple,b-fallback-243,duplicate,,885aaca5d7748cb3a5c8972c35e5ffc444f46b0c6ad7ecbd09696376c193220e,78e350e6d1740cc536fa408b0062f2dffe6353ed2726c92b39b92058d77eabf0,b87b9f0fea466602df9fa6647c3c3dae3231b0a55cc362e9ba2fe96175b83e43,3
categoriab_2019_questions-103,categoriab.pdf,34,exact_spanish_tuple,b-fallback-367,duplicate,,eb5e9af3f6d2c66e259226460dc99981ac3f36b784a2de70e09c2450ce721561,a182b753fcf56ae213225bfc494047125a222d926273604c29875ef2641a3768,cf25138759e450bc50543f9b872f5b2a11fa0f171c41f839d77dfd7189b2756e,3
categoriab_2019_questions-104,categoriab.pdf,34,exact_spanish_tuple,b-fallback-152,duplicate,,410f53dbce9d31a054160734ce0685948125d3972817b37b053d98d81abe335c,8ded34921891af60c58b4123f068a0781bb6d8b78a958c087d64f23f835003db,f6df5c1dad748e332c10b93016633cdc607e97975de145445c1066ad8857b2f2,3
categoriab_2019_questions-105,categoriab.pdf,34,exact_spanish_tuple,b-fallback-355,duplicate,,70f644b04b1874e43456c801d9d9dc62415a73041b65b0be24c04b6bdca5db14,08ff91d48762f7dca294e124a2c3ef6ea77985cc1daa3c6206ca5c51e0da82cc,fc504c2f04fa86ee72534b3cab8fafe947ad1cdb1e1e4b5bc18775f0a7380929,3
categoriab_2019_questions-106,categoriab.pdf,34,exact_spanish_tuple,b-fallback-224,duplicate,,1bfcf2a597b1aa9e3e2013d8936db89d1fd3547fcbdfe3d0fe091d9e1307b2c8,5f03347d2bf98417ff12531e006cc1c24a2ec3ac7f7873f734e43ea70d2be8a5,224dbd1932182945d2f552d62cb0860e298b62fd7503821dc5fea62bfdee21a6,3
categoriab_2019_questions-107,categoriab.pdf,34,exact_spanish_tuple,b-fallback-321,duplicate,,06d892571ca8f9883f969b576b5bd07b53c3ad717de6c22a3a18e13afdbf58c7,4494a5047683709821bff18689a67b535f3f7425aad915e9751259f75cefe009,c9252eff8dd608f63a6c67b9745deb215376df1788855153b8a69f83e50780a2,3
categoriab_2019_questions-108,categoriab.pdf,34,exact_spanish_tuple,b-fallback-067,duplicate,,ff075fb94ae66467fbfddad2dac98f093e531608cf417dbc7aad711ec7f497c1,3cabf41f42f71156347da1ab2af73889a1c66586175592f65a2c299f63322b9a,fb31470666c9423b05cd77c4515bac50fe9e55ef5fbd9e581f06a8dadce9b9a4,2
categoriab_2019_questions-109,categoriab.pdf,35,exact_spanish_tuple,b-fallback-257,duplicate,,73011227dd3f9669cac5cb29b815ceea2c71bdf7000ace9fdc58b8e517af7d83,9398cc83afa313bc73269ed4e8c6fd925daec63c972895dba1af7d94f13a3103,26f4e207528d26fb72746a6fb0dbf8f39e4aeecde27181a7b5c8fc91b6f571b3,3
categoriab_2019_questions-110,categoriab.pdf,35,exact_spanish_tuple,b-fallback-215,duplicate,,75444bf81b0ed0ed27d10493c87749ed56c2eb152eaa74e8acd59e3fbbd56120,1c4054d67050630dc01ba5e649fda995da2684790e90124b05dd3554907ca721,3b008591042df7d62d7d0da1c74d75bbc73d5968f7148c04ef89e2a66a5bae9c,3
categoriab_2019_questions-111,categoriab.pdf,35,exact_spanish_tuple,b-fallback-025,duplicate,,ad7416b97fac282e03b0bd6ace2e0db461fae87b54d570d395119d273c91fab7,3cabf41f42f71156347da1ab2af73889a1c66586175592f65a2c299f63322b9a,197d02beeb370bfa2e784f9e0d79708df0e9b8a6bf9b096f80760ca753b7148d,2
categoriab_2019_questions-112,categoriab.pdf,35,exact_spanish_tuple,b-fallback-075,duplicate,,176732d3531beb5a574e49b564064cb137ab48216572f5e85e70a2c4e9f7986f,8e9df558a48e108e95a028346caa2cc403a553e0fe4717a0fa7fb0bb6b016715,aa9676b5fd1aca0543a2f06aaefc864a27f05bb6ac6d5cba0531033a0992460e,3
categoriab_2019_questions-113,categoriab.pdf,35,exact_spanish_tuple,b-fallback-310,duplicate,,95eb27de9ff28740e32239ec0f7d6b4e4f6926fae8d152ac1017f4c70d4c2402,d2aa51cc02e0bd659ea1a60ba471402e2d870dcaaacac35854b519f23eb7e944,217f20c25d1e6e5bfda6dfb4266d1becdce8b10c042e82e7994cc5ce8f108b71,3
categoriab_2019_questions-114,categoriab.pdf,35,exact_spanish_tuple,b-fallback-431,duplicate,,6f1f0e08ac195706ceaeb0efa9f147af26ec4abc1bdc06c6d0e764e9ded1d168,3080e4484c619169ab4da4aaa1f9e0234250eb7c766e7fb633cff763357b70af,d5d4af57c2a57b66e89b7ea6a1d1ddc54d3bdb41f0ba493fd6b8500b627d92fc,3
categoriab_2019_questions-115,categoriab.pdf,36,exact_spanish_tuple,b-fallback-322,duplicate,,10d140ff03fbae924bebd2fa5be8c85173c4b3f4d3746b8a8f05e0960cb6d4fe,fecae44679b6e3c192c6ab28a6b7c91529060849d63f4ee69a9b23791c7ab6e7,d7889a7c890164bf4ebcd09c2e7110dac4eb799bbc1a59051128d94b84025647,3
categoriab_2019_questions-116,categoriab.pdf,36,exact_spanish_tuple,b-fallback-044,duplicate,,6de3fc8b0c5e59c43b4f46de39bc917e4bc03185db2c64b945a6284119c0263b,08e5e81e7eee1026a7add515ca5a0d679d79d6d26ae6e3b98ee100c0a6471cd8,20605e12ff23b4194dcc16cef3b33a7e5fe8046f89e705530f3f012297ec3bb9,3
categoriab_2019_questions-117,categoriab.pdf,37,exact_spanish_tuple,b-fallback-270,duplicate,,2d5cccce916f6c4ce08a48dbea00cc32d6edd318fb5b91889f78d86e12f170be,8f63870d2c197bc42e179e352002ca71858169899a5362294583074a805b64c9,1be1a56b737de910c54b8e17c902bf1b0daf12b9d2e3c6c0f911ccdc66567341,3
categoriab_2019_questions-118,categoriab.pdf,37,exact_spanish_tuple,b-fallback-117,duplicate,,cded5a17bb780794a6eb721048e55a8226923eb542f8a28388bf51dd817ea8cb,237a0878b304df5c2439c5717a014ed6ec00e0be64525ef5f169fffc1c6e8273,61e98fd639780b6983e362c9ac42bf8c6d1baf0caeea243d606ae0b799e291b0,3
categoriab_2019_questions-119,categoriab.pdf,37,exact_spanish_tuple,b-fallback-446,duplicate,,7051aeedb2d9a57e8940ab478505ec233a90a0779f64e666118ae46163042b0c,5254f0b0263165e8876e60e5e50c693ad2360e579fdc7de9e668c511a24d687b,3836ba8756ea3fc59a4e782386e579b97f7e01fed6953c15dd56fb28a7bb06aa,3
categoriab_2019_questions-120,categoriab.pdf,38,exact_spanish_tuple,b-fallback-203,duplicate,,6c212a086729bbd5beeea3915d79330bd344477d317bc10d0b974dee1b47aaaa,5254f0b0263165e8876e60e5e50c693ad2360e579fdc7de9e668c511a24d687b,1fefa891fc874534b6dcc39a16a3f241e498b16c197374452076667828452c26,3
categoriab_2019_questions-121,categoriab.pdf,38,exact_spanish_tuple,b-fallback-435,duplicate,,821355546d4d8dd0bfe82a74571348a0941584ee7c60560e0d2477fac235735f,9e226fcc37679aa395fc96da6f67fef8746e064f768c2a83dfe15ad21a63ae28,0e5445bb8f30f53feda941b9420d0ff9651588940d77e6042c428563cafef45f,3
categoriab_2019_questions-122,categoriab.pdf,38,exact_spanish_tuple,b-fallback-086,duplicate,,aedf566b869675b8e06d86d37215584994ee5d63d15e84100383392e46a4bd3c,13ec4ea0c026e808b1d28011f3b4d78d09ee71ae1a99c6f4626b725b5b33f15c,5b8a75d76f994863d1ae986ef6433337142136d23fb04b1207beaeb9c92191df,3
categoriab_2019_questions-123,categoriab.pdf,38,exact_spanish_tuple,b-fallback-286,duplicate,,c82cab4c97adb37cc435225698e949704b582ab6da7487ea0bbe296dfd58d1a6,24c5b50747b9731c433fb20c86ff8b58bba66c9747f9b7c0b58e9697b1da2853,d2bf29da4ec90802974a6b514a24fdce2cbdc803c46819b44e56776164207c4a,3
categoriab_2019_questions-124,categoriab.pdf,38,exact_spanish_tuple,b-fallback-122,duplicate,,9a4dc5ef34427d0aa7b8277b7897dd81edfaf86ccd61eeb2eb5bf729fe12e13e,56c5b8d3a1d853527a917f298c58b394da0518f4f2b939472b5629529066db8c,a8c68ded0e0a859bde37d519abeaf14ac5a44988c1d9ae2bc9d9920f6ba6891b,3
categoriab_2019_questions-125,categoriab.pdf,39,exact_spanish_tuple,b-fallback-204,duplicate,,092c0d9f0c04173ec662f25ad3b09d6a103fb1e42ea296b6c145941bf522ccfe,b3e6eb433b58c97c332cb0ed8a867474a3fd838fc93d5418c1a3e3754e526367,59265d4a78741be3931eb459398b5935675b9d3f3dffb4bd514dcc80dc275ef3,3
categoriab_2019_questions-126,categoriab.pdf,39,exact_spanish_tuple,b-fallback-437,duplicate,,41f3332b539017ac5f8dc9bde8a128cf904736dd3cbbb342a505f16d6d10d924,f8d189a7255be84863eda7e2732b08b867cef5baa7666b0c8d75cc09599f9b6c,533f9df71704add41e411548ec9b00f3fdada0ddd780c84036610df16bd7f0b2,3
categoriab_2019_questions-127,categoriab.pdf,39,exact_spanish_tuple,b-fallback-404,duplicate,,d3afe83b8ed6ab5f0dc53098a494cfcc44105aa9d4feaae2c68891aba339a5e3,4e636dc6f5bd7637f8a7e273d37c217c2daa2dbb363d5b4ff5f6d8816a7d6ba1,e6c90914e38680c816f140b0dc0d7be4bff135b091e453592d5779d7cd56cee5,3
categoriab_2019_questions-128,categoriab.pdf,39,exact_spanish_tuple,b-fallback-245,duplicate,,3c84c53c391c821e80f564353d8a298923be56d921e3dd2363d18eae731b838d,e9e13f4731bfa27c68e07928a2c0a68b64dc1c0fa45d64372d1d66b036e26c66,a003839b377135c44877a858a11e382437d83242baa641410e4c6a56690572a8,3
categoriab_2019_questions-129,categoriab.pdf,39,exact_spanish_tuple,b-fallback-073,duplicate,,6a04b15f26b54e13e721b97b3f9c80eeb1b0a26e24fb9604d80ebb5606c63f23,dedd677278ed02c2cdfbb089fc16019a0bdcb7d50c7ef12f6b3a40c379d7bf26,d02fdabb365874bdc3786e91a3720797d89849c896aa40a5549c238d9b21e827,3
categoriab_2019_questions-130,categoriab.pdf,39,exact_spanish_tuple,b-fallback-209,duplicate,,933174396a4aacb8058016865070644c55524dafa9574c67210e196307ea5343,83388a0f013638479eca246565b13123d4386524b0a7435816fb445828bed35f,0a1ecc0ea3e7a04a6e15f2b1a68570f397020c145c83f52dbd74846fd8d9a4af,3
categoriab_2019_questions-131,categoriab.pdf,39,exact_spanish_tuple,b-fallback-364,duplicate,,42d98799a74c52a003abdcbcbd19c4417276b8137b2856df3ccded7aef96a7e9,fe374b18c040e57fd6bfb5fb8a1926061827ec6218186bad54cfded0ce903b1b,7b8a101dd8dc9789b9096d5e61f376ecbb9936acb9777f7ffbb41157d6456be1,3
categoriab_2019_questions-132,categoriab.pdf,39,exact_spanish_tuple,b-fallback-033,duplicate,,97020edfc9084bacdff9afeb779a86885b0f925bb02aa18c4a70ed6964504a40,3cabf41f42f71156347da1ab2af73889a1c66586175592f65a2c299f63322b9a,f5f06586026af3ec8a8d2d6b191fc56905305d70fc10c9a6426c25dedcd04924,2
categoriab_2019_questions-133,categoriab.pdf,40,exact_spanish_tuple,b-fallback-401,duplicate,,88805d57d865c0660b5bfbcb7702bfeb7e20180d01db42d58f45d73b721708c7,1417bd9ca8d44873c835bfb476aca625041cf0c23eed4a21791445d9bdb07965,99abcec7e2ea04ae8e6bae68a367e2e4cc64c0a8d22e522a0ae752ebbfb7f73a,3
categoriab_2019_questions-134,categoriab.pdf,40,exact_spanish_tuple,b-fallback-175,duplicate,,aef9a79c4009b96620715b70450f3c548a175536e97875638b9166c2307fe565,ad1fd8a05591aed05d504e3d9370d159b7cbfdc63debe84065778f1262fb60fa,a94bc1366daf05f9f891bc9695d531b0196ec55663f5a989df485d3a0311d5f7,3
categoriab_2019_questions-135,categoriab.pdf,40,exact_spanish_tuple,b-fallback-392,duplicate,,8a7904bee95fafb95cef01a0860dfe6351727bb21d0bf5273dca6a6f713fa052,e9247151260b71b0e683723a74922892197ae71cf4fb3123acebdee9e9d0dce7,90ac95bade8ace95d67ec7bb3ca9eb4db55095942fbd7b170a72f6fead0b5b43,3
categoriab_2019_questions-136,categoriab.pdf,41,exact_spanish_tuple,b-fallback-334,duplicate,,5e0f46f49f9dad61fe2fe25e1d9ca5a2622f8b27eca14f15fbe2f4aa13c6f416,5cf21c1ba1aacf9ba79792fb64b1656627cef4c413d79ee4965a2874b5e9e134,fe734da24a8d146afee98a0aee3f867a0a7579991239053bd36478209e4785db,3
categoriab_2019_questions-137,categoriab.pdf,41,exact_spanish_tuple,b-fallback-441,duplicate,,45a803df9d19d9cce79ce7678aff651970223782db65a86fedf234f497a86a52,4994a4dc19a37463dcb7c4123ed3ac2c7225f685b1cb845a5d839c9f6ec092e0,8ee55340b5e2d7bd9037aa38f5b1f50f401f690b8f5941b0b5b51ad5c3c82f58,3
categoriab_2019_questions-138,categoriab.pdf,42,exact_spanish_tuple,b-fallback-217,duplicate,,55785ffc3d8fb7f631b92c08db3770e8ee2935efffd7803fa565f469c1653ef0,12b9324e5daee253fdf14a61d546c5ef557096bb1b3fc682930bf6e53556d8f8,6d39284e09189ad3de534e76524db78e5f62c93f7ead2ff7a6f354027e03cfec,3
categoriab_2019_questions-139,categoriab.pdf,42,exact_spanish_tuple,b-fallback-405,duplicate,,a0395a9c2ab28ddc217bb5696325d18b5da23bec3856c2c9149c4a34da0ef79f,f05c893f4053b1e648850123aab42c75af8f831eb6d8496dbc32021324c1537e,1584eef27902a1f584b21b155a213182dfb13e5babda99f9364619f9485eddf6,3
categoriab_2019_questions-140,categoriab.pdf,42,exact_spanish_tuple,b-fallback-374,duplicate,,277832e3022c1f5c9507451c83eefc8dcf9e751d4da5187ab87d937c01f46deb,dd614ad35364bb594ab2d77a636d50b002ed62eecae92f0cee6528d83076995e,47ec24fc326949cb76647c004bf96a57127699651a41f9cbb0258ae0c6490d38,3
categoriab_2019_questions-141,categoriab.pdf,43,exact_spanish_tuple,b-fallback-258,duplicate,,d92483ce7e2590a9c8346a69ecdfb54316aebc24e7d32f873bcf819dcf0e8c2c,3cabf41f42f71156347da1ab2af73889a1c66586175592f65a2c299f63322b9a,581794d29aeb2d1051c71424947e402274306ed4911815f8b82a70c3713d8821,2
categoriab_2019_questions-142,categoriab.pdf,43,exact_spanish_tuple,b-fallback-237,duplicate,,5b41fae8d6d7c0581a1d7ee2a51596e2a61dcdf23ef4861325772e96dc18ee73,3cabf41f42f71156347da1ab2af73889a1c66586175592f65a2c299f63322b9a,e05465bfb1503706b57d879cb28bec7164a423aa8bb7a6a6b849051eb9ff46f1,2
categoriab_2019_questions-143,categoriab.pdf,44,exact_spanish_tuple,b-fallback-229,duplicate,,e6d0bdd977d266bbe02b47ef703da6d253082ef547c8a33f45cb457dcdcff4ff,e0a6ee687014b7dc25f6a4b9da97e9faa02a76630540864879a6152f9a1e042a,57ac2d40d6872d85f75bea20fc3982cc1d08e4d8337d6186293e7dcdec266414,3
categoriab_2019_questions-144,categoriab.pdf,44,exact_spanish_tuple,b-fallback-444,duplicate,,6e5516d13bc4e4c042f2f14532017fc641d8c6101d66ffbddc0310b5bca4babb,bd97c12e1b0beca892e3330dc7695c4910c4933e70c76c54cab2acb1271994af,6e9442a58e23c02622bcae68b5321b2704bd2b5cee0cc268241481ddf32e1211,3
categoriab_2019_questions-145,categoriab.pdf,44,exact_spanish_tuple,b-fallback-311,duplicate,,cbc7eaac47b403d231870b1a381ca3dc699cf9cd59486668aa5ecd219633b69a,40d9d110d0549cbfe8909022bebd36196aa903d0ec887b1393fefabdf4f61237,336788b3fc262f0493c64970fdfcff75fcdc64556d19720cad4faf18e1ab1a7f,3
categoriab_2019_questions-146,categoriab.pdf,45,exact_spanish_tuple,b-fallback-246,duplicate,,a913ecfb8ae1c68dae2212b4e062250b76d09bba03ef3bdd8b43d013923c3055,b6e471ea2bd4c6ed45beae754f6d251f74d7ce8c49d924724f9a89d114b999a0,d9b29ca75978fcea77b1640e1e89c477b54491fdbc40633ae881ecfa01e97a67,3
categoriab_2019_questions-147,categoriab.pdf,45,exact_spanish_tuple,b-fallback-338,duplicate,,f0e2bff07a6248d8f62934f201d3bdd8123100296a8b03a1d6a417df4b185db8,1e8a0123006d93fa8883a4831cb45d8cb9f740383d66a4574c0da82483336861,c79a7f9b750f6c4fb536158644b243674616e5b0567adc1c60a72ac7f14d0e10,3
categoriab_2019_questions-148,categoriab.pdf,46,exact_spanish_tuple,b-fallback-105,duplicate,,a0c6c21b1b7c169485886e9483a9a050c1c80f18c00d4bfb8c3db565ceb392ef,3cabf41f42f71156347da1ab2af73889a1c66586175592f65a2c299f63322b9a,157e098d5d3543ac74946c501999e4b2f1787d486df36ec4833fa19c94fdf930,2
categoriab_2019_questions-149,categoriab.pdf,46,exact_spanish_tuple,b-fallback-347,duplicate,,741608a5ae3d482e9dad61c6b1e30570d56f1fedf374dbad2cf7ad97db682cfc,50a9c13c4f3c8dd76c32307662ec581de2490b5ce215006dc9cf31df4830050d,49d397e2dcd31db3daf98b2f7c7e5fd5bbee98895a7a290e9623a92d8971c516,3
categoriab_2019_questions-150,categoriab.pdf,46,exact_spanish_tuple,b-fallback-050,duplicate,,a0019f1a94120e11cb6a7389da2330cc954d4d06b4fff6d4a8d6210d05ee8da2,1b1f0a90708ef46b5d7d7f323aa6dfb5bfedeb31f74c80e1e72e6df6f6a08879,24a1975e523877c6980842397e2c1e0d4913acb073f353e92ffc4a7c0f9a54db,3
categoriab_2019_questions-151,categoriab.pdf,47,exact_spanish_tuple,b-fallback-291,duplicate,,13fe578ed6b064ef80d006107dc952c3193bbefd827e56e878f186787d4f70b0,82ffa5597b9316180eeb603317697827737efe363a6b1e1e2eee7f4cb3575005,60920e630e04c62225b6cef5c28b3c2e32aad993535b3862a7c1d2c0c881e4be,3
categoriab_2019_questions-152,categoriab.pdf,47,exact_spanish_tuple,b-fallback-313,duplicate,,91ba55dea91c953addd3106db88d08883f1bd43201afbe1a991998d997b9d0b1,3cabf41f42f71156347da1ab2af73889a1c66586175592f65a2c299f63322b9a,9f26abf5948871e237a17b7a7af084d5a1085be53c0f79924dae05a98ff2a1c7,2
categoriab_2019_questions-153,categoriab.pdf,47,question_text_only,b-fallback-119,ambiguous,manual_review_ambiguous_2019_variants,648cc239ea958201390a49709efe8d04e6a07da063992cd7a328c7dadb9a0bbb,9d0b03dffe73c69ed7c3bdbd202430f8ac14dbf7aa47ffae763fe6fafe5f4371,7249d034aafd8b9e5ae9fdf777106dac601e0dad5ed644e65ce441a4a860cab3,2
categoriab_2019_questions-154,categoriab.pdf,48,exact_spanish_tuple,b-fallback-394,duplicate,,d48a6598c7828fadbc4efb2da46d4e75a2cf815312b4991299196cfa388c5af9,cd20e52d51f7390300fb53e2e38236da957e956630adb93cdab4530f9488f75a,39650f3bb6ea0584d7c4a47a1fa6d86cb1a71d26c9ea1180e562ca82bc6b544d,3
categoriab_2019_questions-155,categoriab.pdf,48,exact_spanish_tuple,b-fallback-063,duplicate,,d48a6598c7828fadbc4efb2da46d4e75a2cf815312b4991299196cfa388c5af9,f2dda396b2d5676ebbb16be7b88314724b0e6d0533331e7fb2960f7abd29407e,73a63f074d9c594246cebec19ba7728b2f71f66c5c247a819c58766156bcaff2,3
categoriab_2019_questions-156,categoriab.pdf,49,exact_spanish_tuple,b-fallback-312,duplicate,,eaa798ee6523cc56ecad6c277117e633349303d9ae9dfd13e0709136b51d4dec,c50b94a784eb225fe3d2d70362cb936151de264de55814ba5afce190b553a7c6,a234f3b4b73e3d0f82e38724b1308d31f815a7b17d4cb6e98185a04edb252af9,3
categoriab_2019_questions-157,categoriab.pdf,49,exact_spanish_tuple,b-fallback-100,duplicate,,191d491e5341e92deff105d7d1e86aa23f36163a2d54b823d69e40c47a388683,0f9d082d1539fcafd1e68d4bdb68230fde77329555905053e1b67f9435ed19d6,b07139a0661a2fe00f60fb4ad09f8d01f1fe94fb134adc487483412b486f4508,3
categoriab_2019_questions-158,categoriab.pdf,49,exact_spanish_tuple,b-fallback-415,duplicate,,1c71d51fbf304d76a79bc56449ec53c837b1fc997a74762f4d7d6a52b73563cd,3cabf41f42f71156347da1ab2af73889a1c66586175592f65a2c299f63322b9a,0222360e0a3359fa60f27cd6aed5d68cf00486b7ac44f7dd6c12b7f010820b30,2
categoriab_2019_questions-159,categoriab.pdf,50,exact_spanish_tuple,b-fallback-188,duplicate,,f3485ae08fc336c9107df0812d39e5fd8ba556c4b7ff46685e76584e935cc9ee,ce78642020683aa99caf14365ff0038fd7e3afbf51cf9c19dd4052e7783f3a84,900b69a7e4a5715c9367a7b8a7411ccadffa9a1df888e2c5eeecbf0b36619576,3
categoriab_2019_questions-160,categoriab.pdf,50,exact_spanish_tuple,b-fallback-356,duplicate,,9a224f9341d1f964af75f09634ff8808d922ff2d84c494946cfbe0ed88c1b43d,c8c0ad21cfd0ee8f369cc9dff4f4df998da0e76c0c5aedf6fb773c5814271f3f,59f7a9470960c7d6568bf393b144cf287863181b89993acd4c9c7018171efbd0,3
categoriab_2019_questions-161,categoriab.pdf,50,exact_spanish_tuple,b-fallback-361,duplicate,,41bf5074d2331f41bba5b17f5c23ea919b3e3ee72aef2746be20d297b4cc6de9,63a717bafe575524a42d2a1e816b760bebf0396affb1a7ab5974564e836ee266,9eb881ee09de1e5cfa6ce9ff92bb98687b869e650e75d641b9188802bf30986d,3
categoriab_2019_questions-162,categoriab.pdf,51,exact_spanish_tuple,b-fallback-457,duplicate,,86250aea0bfb4e27aa27966fa09db484c42e5d360d6e17c2c084c976dc83a042,f443c0353c0dd3ecd3276b6b6837e1eaf2dc851556a2d79e85fd1f5289a26335,a0ce533525a66325e6dce3e3ce87f9294bf9fbe538deff65b6f9e398fc7786c2,3
categoriab_2019_questions-163,categoriab.pdf,51,exact_spanish_tuple,b-fallback-341,duplicate,,dff467ac9d03eb413f1bd941c61b4298fb6edc14c7746f0b3a5f168b3c063618,ceaa2bfd0634dd24e0140fe76c4b3158c5cf4697f151ddfa9efaacec50801b21,7514cefd445d27fe677958cb038cf580db78871f6fd40863d48c191ce32e6bf9,3
categoriab_2019_questions-164,categoriab.pdf,52,exact_spanish_tuple,b-fallback-280,duplicate,,e8dc299b806a965acd86d83e4058a7e1cba55e89c2902ad3b5dc0a2b33485add,0bacbec1fad0f971f3ef92c0347cf0dfada0b156f33cafe944537eef47aff7c3,32aa880d2f6e0edbbfaa5c46d8d429e9418d565b8989594bf270a1309c4e78cf,3
categoriab_2019_questions-165,categoriab.pdf,52,exact_spanish_tuple,b-fallback-362,duplicate,,dff467ac9d03eb413f1bd941c61b4298fb6edc14c7746f0b3a5f168b3c063618,83a0ebd11924317d654531f3ae34c7fb97f779de9e06f626a5b4d3b5529f157a,4cc7f42d40026b84cf5cd29be7138f69ed9676d743c73f63690a240cf81d63d5,3
categoriab_2019_questions-166,categoriab.pdf,53,exact_spanish_tuple,b-fallback-306,duplicate,,37b074f4a05cda0b9d4612c46c0c37fe93afec4b42a737291ef55df6208d8a34,c91022e3d1893740175cb7b044b53f3ec7d8d48253e53ae1f76f1dcc0c2f4c49,89d1802a62f02adf06765f452579450450edb8f76860e6c5f0916d34c9e85741,3
categoriab_2019_questions-167,categoriab.pdf,53,exact_spanish_tuple,b-fallback-161,duplicate,,dfdcfa5c55d4a269d2001d2e71ecfedccbc46217cff283f152ed6f0b63d60f71,8a7f878d73a049ca52b7e87cb30b1b4654c8ea5c19af0a0a82622dc6c8c1410d,09af0d252baa3025322d9083da9bf35d9088e366288ee146e5c4e27aaadfb2e7,3
categoriab_2019_questions-168,categoriab.pdf,53,exact_spanish_tuple,b-fallback-021,duplicate,,f2541be015c0601d54f990598a3bf190bf865d4df42678ec1602b1d304060eb3,24b3db340ddcd7d1e4f6ee7c7e6c060e515b4f5adb1b0ac7134d06a8fdc10a26,0aaabc51b984fcdc475907d93e6a5541cbcf4c9e2646be7b75606c3c1961450a,3
categoriab_2019_questions-169,categoriab.pdf,53,exact_spanish_tuple,b-fallback-169,duplicate,,931066154cbd395008639821f0b9358dc5e1f4e5343bbe5afb60618774463639,4aa9234edf37a277784cff775d4619cbba3fbcfc9f53ebebaafcfe1d22bb9663,2e74280b028b60b51b64008f5916d07bd763c908dc9963aabef9f3021096e2f0,3
categoriab_2019_questions-170,categoriab.pdf,53,question_text_only,b-fallback-324,ambiguous,manual_review_ambiguous_2019_variants,961284b830e14b7b3566d957668c86fd758af190cf3a4e20d8c246d6dea90d53,c60c979474fdaa83dc3a828af09284d07cdb5fc2c758303a12937d52cf61c33d,ab8f3847c11cc8b9af0fe38e98ebb03fbc070c11d8565fc0572ec13eeca8f5a7,2
categoriab_2019_questions-171,categoriab.pdf,54,exact_spanish_tuple,b-fallback-080,duplicate,,860ca469cf087ab4625e899cf8c52e5a5571efe5c1a061eea339d7422730e7a3,4aa9234edf37a277784cff775d4619cbba3fbcfc9f53ebebaafcfe1d22bb9663,da68ab671eb8659ccb63f1100aa79b522624033d0c9bef26e86f127a20e3d2e4,3
categoriab_2019_questions-172,categoriab.pdf,54,exact_spanish_tuple,b-fallback-225,duplicate,,4d4d79a0549e85ba7b80c3e1c2b976cedf5dfc1c6250b9718b778a475540d3e2,4aa9234edf37a277784cff775d4619cbba3fbcfc9f53ebebaafcfe1d22bb9663,a666cb25d983e789f949c944f83ea6acbd2870e5a0644e068d17df50109f2375,3
categoriab_2019_questions-173,categoriab.pdf,54,exact_spanish_tuple,b-fallback-348,duplicate,,b3dc93dff2e85c99583c9fd70bef5124e15da8bbeaeffcfa7bb0abbf15b48d0c,4aa9234edf37a277784cff775d4619cbba3fbcfc9f53ebebaafcfe1d22bb9663,de903445ff58e57f609c9ac168927f4dddba9f604d64d36f34dbe524c36d9e5e,3
categoriab_2019_questions-174,categoriab.pdf,55,exact_spanish_tuple,b-fallback-383,duplicate,,5c5c901402ea939f4ab54884150e27d95e6dd30c0daca97af4a3028770957fad,df1e4d681f52f3d8333ca7b7e1d51bf92edbcdba7cf6b0ab9a97c6ba95181633,d00344978725c5a9ebf02c991d7f6315f12d7f327035fde98c87a00dcd6d1da8,3
categoriab_2019_questions-175,categoriab.pdf,55,exact_spanish_tuple,b-fallback-129,duplicate,,2d0f8341f48aec942e5f4e013060b53fef5c3c7f7d4ff8f9db1d73695fbb1da2,28353378baf69c6a52ff19632453a011ff6a36249f557f74b2e9adfcb1ce71e8,29e11a7a2b76cf7698f166da7a24e4eae2733c04e810112e2eebba0815f1fce4,3
categoriab_2019_questions-176,categoriab.pdf,55,exact_spanish_tuple,b-fallback-220,duplicate,,2360b166fd290025bc9076905f45e489bed179a42c39702ed8641285aac8d8e1,28353378baf69c6a52ff19632453a011ff6a36249f557f74b2e9adfcb1ce71e8,20c2ce41fed15c7341988a9c8a063b0cc14d0844d3018fd350168df64d7ac1ad,3
categoriab_2019_questions-177,categoriab.pdf,56,exact_spanish_tuple,b-fallback-017;b-fallback-133,duplicate,,efc8232773ceac6665f6328e89de84054c95bc9e68db6ddb10e7e271108cc7b3,6be9d4d7cdc288fefd5bc53a175ea6c51e0b10f6b46e473adfdd9a2e59aff71a,a344c28f43e9444e9229d75b697dcaa1b2225978a277cf670355ac968990d17e,3
categoriab_2019_questions-178,categoriab.pdf,56,exact_spanish_tuple,b-fallback-216,duplicate,,1d6cf2a68de3b810b3bc2a329efbd1fb6172830c18a935023343521a46c093eb,3cabf41f42f71156347da1ab2af73889a1c66586175592f65a2c299f63322b9a,13132882ee529df0efdfaae9da4aba0378620ccfc22a22a1e4087e038d18709c,2
categoriab_2019_questions-179,categoriab.pdf,57,exact_spanish_tuple,b-fallback-268,duplicate,,4ac6894cefccfa388fc426bb5a4a6c9e005b0091c419c71a6da63dce44c6d658,7004223a30db38dc5609aa77a95ccd6258d5e091d2ea0e60717938db6283ea72,3be28a6befd490e1612b3f47359779580d82ec6769848666ed71d49695309d1b,3
categoriab_2019_questions-180,categoriab.pdf,57,exact_spanish_tuple,b-fallback-319,duplicate,,4ac6894cefccfa388fc426bb5a4a6c9e005b0091c419c71a6da63dce44c6d658,b972ae97fe338cfb008b2e3ad71080af13a4661c635bc01942e88e19bdb3cad7,7fffaf24999c172bc3b947fbac032a7ef5103d0b1beb3f5033c14cae5bc54668,3
categoriab_2019_questions-181,categoriab.pdf,58,exact_spanish_tuple,b-fallback-017;b-fallback-133,duplicate,,efc8232773ceac6665f6328e89de84054c95bc9e68db6ddb10e7e271108cc7b3,6be9d4d7cdc288fefd5bc53a175ea6c51e0b10f6b46e473adfdd9a2e59aff71a,b6205738b73003a70068203dbcd5585b0e5db22134a179711ca3c7e96a3f5502,3
categoriab_2019_questions-182,categoriab.pdf,58,exact_spanish_tuple,b-fallback-093,duplicate,,d63f581bb7a8ffd1ccb9f4e2e4449ceeaf0a0361ca892d68d9c61cf2ef78478d,ed071c7321f6c372297eb0e41129fdab95c798e538d50c236fb1ef3b74cd1a7f,76621ed01aed52cba9116627e8a235620f5f095d8a643d65ca73fb39b935f041,3
categoriab_2019_questions-183,categoriab.pdf,59,exact_spanish_tuple,b-fallback-186,duplicate,,bf0eb964f6db0a0bbdafc5b000550c76636b476f2ddd24e957c6e9ac99bc295e,93b07e0f1329396bbe48022ba508ffafe50f9ad1508f0c6394727690e6214958,ee18639f43ab69712e54c6a36cdb06d630cc1ac2e36d3e1b17db5c1fe86fd49a,3
categoriab_2019_questions-184,categoriab.pdf,59,exact_spanish_tuple,b-fallback-357,duplicate,,77b35ad70d5296e3d5c29c47953b4bd188382234c57c0cf32ebf17d4929343ad,770db9dc170df0aab13b19c5206c10857df47c564d5d88c1d366f018d1e4af11,91d06bf6b8f8f6cc561c9d3d9082ba41f50ccdcf5a645a8ccb738c202d040ae1,3
categoriab_2019_questions-185,categoriab.pdf,60,exact_spanish_tuple,b-fallback-085,duplicate,,77b35ad70d5296e3d5c29c47953b4bd188382234c57c0cf32ebf17d4929343ad,90cebd1b0ce30cd3471368a5e3e254c1a9fca7838bd3262e7bba3b9e002c6b09,d34cf60d7be4d3cf1961a0fb3441316206660f22ff68ed9e1322f91bf0af8791,2
categoriab_2019_questions-186,categoriab.pdf,60,exact_spanish_tuple,b-fallback-053,duplicate,,ea9c34224887dea22afbb2b1070334facf84921c660fe61adc2f8d6a02403e84,c47142834712cd2188d97da6b975d40b77865e824be2d2d68d0ca4a43d659a43,7e54a41b0d4ed72bae015f454bcb2972e3d879803c8f24f5dae8a3b257b3bc41,2
categoriab_2019_questions-187,categoriab.pdf,61,exact_spanish_tuple,b-fallback-264,duplicate,,ea9c34224887dea22afbb2b1070334facf84921c660fe61adc2f8d6a02403e84,90cebd1b0ce30cd3471368a5e3e254c1a9fca7838bd3262e7bba3b9e002c6b09,c4530b81b74f1aab723d154b73cc17f981cfe73103d0c63f0e896ecce5f8b1d0,2
categoriab_2019_questions-188,categoriab.pdf,61,exact_spanish_tuple,b-fallback-372,duplicate,,3257efb02b75134643428b7bfb5a2942093392a048761ccf6fa876cb05df7ea5,5db239d124c45515a2b3d6a38985485a1e2f05991f17a9a9d46a359a09126a11,4a5cdd2119c49f7d60b18b6abb842cdc90ea23011cdbbb7ac30003662dc6481f,3
categoriab_2019_questions-189,categoriab.pdf,62,exact_spanish_tuple,b-fallback-459,duplicate,,35712cc49ccf4f28dbfe3ce3254b719dd9f706819f19e12756717538bfc4759e,c3e42eb86deffea22621be39240e963186c36561c4c25cedfd81c0cf4e3c7853,e758fe55a144597e3a7fb8df70f11fc84e4d676a34b6c03637c22d84173d4ce2,3
categoriab_2019_questions-190,categoriab.pdf,62,exact_spanish_tuple,b-fallback-318,duplicate,,5d9e4d013470861ff89ae47478ab7b3811aaba87813b212dc02bf4c85354eee0,c3e42eb86deffea22621be39240e963186c36561c4c25cedfd81c0cf4e3c7853,464344538a7077e2f50228d6577c074b1c51d886758bf97504e21031c83d6e3a,3
categoriab_2019_questions-191,categoriab.pdf,63,exact_spanish_tuple,b-fallback-076,duplicate,,f73b63ab1804b4e2b184778c7a4edf2d1504d06af52307dee257ea1f9662acd2,3cabf41f42f71156347da1ab2af73889a1c66586175592f65a2c299f63322b9a,2869f66933200f7c3fcf15d1fd3e8ae560e1683987f5769ba3f9199d6cf41503,2
categoriab_2019_questions-192,categoriab.pdf,63,exact_spanish_tuple,b-fallback-131,duplicate,,be4c2de3746d3b25e0b021905f7cb21d96d12dc228933e4dd4913515ee8235c2,f530b30a800cff7aad60acf1da580a24582d744c597f943dc0e37a3511ad03e4,f3d36428df887d773c2f4f703c6d50905fc5809d5e98aa2ef75659fd7fb3dbac,3
categoriab_2019_questions-193,categoriab.pdf,63,exact_spanish_tuple,b-fallback-009,duplicate,,a61e0a7f5dd98646d0a086b64380870ccc0afb82f86daad02e5d3da67bbfca3c,aee9ab7bfece61d2055703b9fbb4246c8ab3988cef526c9c4ff2b38e24c80319,7e449837e1700fc9f44307edac5855792f60015b9fd5729f3b96fd82acf8940a,3
categoriab_2019_questions-194,categoriab.pdf,63,exact_spanish_tuple,b-fallback-116,duplicate,,3231bedb1e884e349b4cf0a68440fbbd5cd7c6b03dca6945819d6d53e72f1025,cb27d46cf4185468846ca716514c40ba2e220f38adb161a2fa774530fd326d75,158c754fd0818cca9b116e295319f694c972912723a1c6912809ec01016d8ac7,3
categoriab_2019_questions-195,categoriab.pdf,64,exact_spanish_tuple,b-fallback-070,duplicate,,77d9a2e8e3a9824e5d277d2d875505faccdb021af280e9212f39600ba2f3ef21,dd5fac9b9eb6ff4d9d0406906c1b5a1687ce790812105852089c77b312780acc,39e66e0b14eb84493da4d39a111f5c14cdbc19260f1d8323b984c3a2abcc1e60,3
categoriab_2019_questions-196,categoriab.pdf,64,exact_spanish_tuple,b-fallback-281,duplicate,,3231bedb1e884e349b4cf0a68440fbbd5cd7c6b03dca6945819d6d53e72f1025,adb6d411412c3248438fe4ea64187c72d161252c685f080f72c21b163bd39f18,54927280d219f99704b1de42022e90845d4ec8d3d630533082274ce685871775,3
categoriab_2019_questions-197,categoriab.pdf,65,exact_spanish_tuple,b-fallback-178,duplicate,,f1a4ce2553dfcbb012c21f4da9a56e68b5a3242c8247af577f297fc2615ee3dd,1e1fb2677f4b7977aa59e8eb642e24c80714facc9606770344cdc897e652e633,d498bc0505e7396c97e26188e55dbdf4fdf2ae318dd658a94278133bac26a52e,3
categoriab_2019_questions-198,categoriab.pdf,65,exact_spanish_tuple,b-fallback-088,duplicate,,27e9139a3148c521ca943aaa9d57d9d65a4282aed79e41d16a78f16227abae06,56ead8a55e3e63372511d9669839623ba8319aaef8165d189d0b784712d7d7ee,d5919545cbd9c5c2b47e60980c78bb3c0f1b468d5a22db12939acf8f8a158ad2,3
categoriab_2019_questions-199,categoriab.pdf,65,exact_spanish_tuple,b-fallback-213,duplicate,,2a0b2f8e6066a82241712e8fb5284461fe5e3ab885ab2143599954948edb959d,912b19b763e941829ce1c896a550d6498d78cd2fbb70a9980b986193108251da,5795105d37f1e7b6384b8ff379306a264dbe28aff55a13ae08528578f84c9ac1,3
categoriab_2019_questions-200,categoriab.pdf,66,exact_spanish_tuple,b-fallback-430,duplicate,,2a53d92d7f7ede2b4a9ba0087e6fcf2dd814f27d2d615b7b56543fea5e07e755,90cebd1b0ce30cd3471368a5e3e254c1a9fca7838bd3262e7bba3b9e002c6b09,7860f44b0d7a63fe0e86df6aefb26af0fb8f3c0978873db580bc83c62342ed8f,2
categoriab_2019_questions-201,categoriab.pdf,66,exact_spanish_tuple,b-fallback-031,duplicate,,2addd639f3fc6778d5afcdf8c26fe7c129a0462bb5c84115d30861a770e0a081,6f4f5de3bf8e64ad8b54abbf704b366e05370e11102f0befd66421c69f086d07,ac842599e7f34af70566dbd0a8b577542e6ac5513beebb2bffa6f50c876042e6,3
categoriab_2019_questions-202,categoriab.pdf,66,exact_spanish_tuple,b-fallback-389,duplicate,,fa40df33613b91db7df2b7a7aceffa1d8996fc1501ed24156cd64b91c4b3138e,09f4d7e4d1980935ce372beb665400d6c563c6a84e322b96cb913ef212b537ee,01fba34e63850ea6d5ff0d12e03481c083d65e1a45e7f0fa2bf5362257e9a104,3
categoriab_2019_questions-203,categoriab.pdf,67,exact_spanish_tuple,b-fallback-440,duplicate,,485d55529ee2e83f7f0348b8a82797a8abfe5e9bd1f049e9cbde163be8a1712a,9218fd9f25d10eb5abd5d4d823e57bc1992e9a2423fce4486c20f0e5aaa1dead,3a76091e768fede6e69634d7b36214158a78cf150363cd4e2388992e0a47f348,3
categoriab_2019_questions-204,categoriab.pdf,67,exact_spanish_tuple,b-fallback-170,duplicate,,fc8ea0bc69889f03ef2754271bb5ab2349739be027393b1f057f7763ad513f10,69abac207804f8c40ab62a01996853afb0702e347ede4cac50186ab955d6acbd,582383aba0128a46721ed150dbc484f87ce03dbe8d3069a77cfc21c86a15eba5,3
categoriab_2019_questions-205,categoriab.pdf,68,exact_spanish_tuple,b-fallback-418,duplicate,,a5a33a42de9a7ef9f0c3256852b8da42c461dc571b2a31930025ecc910efb602,ecf9539bcca3eee279258ca10ef17b8b9683368a507edf02127856aeef8a599a,7c95f6b33d8613bbf6d8bad75b60237a84dccbf39ad80ea9f6681ab12f529399,3
categoriab_2019_questions-206,categoriab.pdf,68,exact_spanish_tuple,b-fallback-165,duplicate,,4407f8fd9e028773da90118eb216e4af98d505c8924cff52f12a620d459992a6,90cebd1b0ce30cd3471368a5e3e254c1a9fca7838bd3262e7bba3b9e002c6b09,2a8481d4472d4c081f909157c5e1933c3e3c27835e9929e91237aaee74c434aa,2
categoriab_2019_questions-207,categoriab.pdf,69,exact_spanish_tuple,b-fallback-148,duplicate,,757ba0c19ad3be8417a5344375995aa1a8b65e0d9d1d5a2163b287132237252d,469d462a5155a2f6ba26bf99d3b30bca68a4f34fc2824adcfad5ce54244513ca,eacef4008919b814287c321c23cf35d557b66050ed6803ad5f4eed066777ac9b,3
categoriab_2019_questions-208,categoriab.pdf,69,exact_spanish_tuple,b-fallback-179,duplicate,,915fe8b461e46538a582da05f31dbf050aff1afdcc7f19986163a684cd4ca75e,bcaf0e56fa81465047b1a5b2355e74de34c730812fcb5ad22f4c1bc82cb0ac3a,977a491bb2ab22a97c90445090059f638dd7f5f9f6225cf5fcff0b34b9f86498,3
categoriab_2019_questions-209,categoriab.pdf,69,exact_spanish_tuple,b-fallback-400,duplicate,,bb344ee69c8b4ede9c0b9ca72ac69a4d1cdf505106d710910217783779df3fe1,917c78169ee6bbeaa7c69993f4d6ff902c46bf398eafdc46e047e83ccd09b79e,1a3323a9187f89a7b120c78e263967eca282b48916cd217b43e4a71fb0acef1d,3
categoriab_2019_questions-210,categoriab.pdf,70,exact_spanish_tuple,b-fallback-012,duplicate,,22891fefba24221160ef53a8570752a5553b23f912a11f5495836d08d9324a83,3cabf41f42f71156347da1ab2af73889a1c66586175592f65a2c299f63322b9a,b6963960e60d9f12f725cbdd7d7418fbbfdc6e52f3d032c15598f53b665130ed,2
categoriab_2019_questions-211,categoriab.pdf,70,exact_spanish_tuple,b-fallback-325,duplicate,,c79b678fecb409da82629c0871092e0fe3f0c6b59ffb33f4cb996ea6b30fa32d,1f5f15d539af1b935786c3dc433a132c99a1f100d9bb9e3741e2b2940f245d77,692c3ec02fde16f54e910cf26d37f59f6f9c498a8c6bb8d7c202f4aab8fbddd3,3
categoriab_2019_questions-212,categoriab.pdf,70,exact_spanish_tuple,b-fallback-333,duplicate,,786ad93f83d129906f381829bbffd535bd65e04d0da32fa39d652cc6a4796617,3cabf41f42f71156347da1ab2af73889a1c66586175592f65a2c299f63322b9a,20c5dcc06dabad8af3f3908033eed69cf5e379b039bc9de326b7915db5bc2d3f,2
categoriab_2019_questions-213,categoriab.pdf,71,exact_spanish_tuple,b-fallback-261,duplicate,,05cc99f936d54f182b6651f98ce8596256d16574fe89d8ea7e5e3ec6ccde421f,3d6eef1d7fb6a13c43641bcc871a85f6420dca0b1aed2a9ca686a6e2fe570f51,d883f400cd7371f6e9340d8166c8684352a87ff72c4a9e6a54e37c13a2faecac,3
categoriab_2019_questions-214,categoriab.pdf,71,exact_spanish_tuple,b-fallback-411,duplicate,,23dbc4134aa7314eac78068677b2f4e868ddce5a1f732ab56cfd55a553451ed2,991d3ce1f69d132ebc31e1078865ec80d0d28f22c4c7822a5f17e039af895752,a25ad5aa587190de95f30f3320231a13069be78f0c4bcb2574ba5d241ccfc715,3
categoriab_2019_questions-215,categoriab.pdf,71,exact_spanish_tuple,b-fallback-171,duplicate,,5e40ce451e36cda1ced22377a2cdea41d92899319100391280ec49c3f228562f,720fab5b16ac8936aaff5be78cae4a581762ce1a983ad1c149cf7c31423d3df4,0dc1a734ebc5a2b16ecfa61a81a5c178234c4cbb271190d031950bdbe45773ea,3
categoriab_2019_questions-216,categoriab.pdf,71,exact_spanish_tuple,b-fallback-176,duplicate,,9882d7a95b3665352a4a87c2f2874e3b584f94cfd22988b1ddaa5e6fd41e6a96,3c1e4068266999e44162d31af23cd23724c18a30e6591f57c23a97c3e7e6a5ae,d58d834ba869a1e44bdadb143e9b084645df7a5c971f0fabb26c565d6b0d3fb7,3
categoriab_2019_questions-217,categoriab.pdf,71,exact_spanish_tuple,b-fallback-316,duplicate,,1e8d3ba4abc61d722b16c2f752fa3364733378f09e140f2e417a40ee74d6ee70,e42b21778df43e038ecdcb600e7b786e8573a01a01945a7fe9e08704651a13eb,3339ba930cc97e95d78150fb37e49f0afa16ea8c84afa164cc97c8cdd0a56088,3
categoriab_2019_questions-218,categoriab.pdf,72,exact_spanish_tuple,b-fallback-150,duplicate,,ac2727188fe35215ac112ce33dd7b4ff3c708812bf230f1a93f6dec7559e180b,af311619ed70eac1bd819f561e2518457b48586018f7a520e55057545c9aad71,94f889a77773fe2d0f5a1d2ef8faf36e491bd12c30dcf4902cb2038efcd41a10,3
categoriab_2019_questions-219,categoriab.pdf,72,exact_spanish_tuple,b-fallback-139,duplicate,,7d14905a4c9fdd79026a8374afe0258aae33345cf8acab5da3cf2f548ac0da0d,53fcbc8db73cb834c43ac8efc51d382d5796a8b33e9aaa7cd419f0144d3e25db,80afa9caf2df903dbaff0606e3cfca75a275d99599ca7cfd86aba123dcbb47cb,3
categoriab_2019_questions-220,categoriab.pdf,73,exact_spanish_tuple,b-fallback-227,duplicate,,0fa459ea46077f652ec8b51379107b7ee5338f72ad4238e8ada5a98364b34a94,b205bc761e1168a480a72d1bc3de619eadfac67b8485e9ce31040ef5291db279,18c9cd1e0621b5aedec05c9eeefef343eb95a2a1090fd970fb557485df63d9fa,3
categoriab_2019_questions-221,categoriab.pdf,73,exact_spanish_tuple,b-fallback-118,duplicate,,c2974517f470342ffabf1f3135cb4bb5be1deab10238312a3abd15b63a680760,9ab2930893fca2344629ca3f5652e8b3dc1fa292fedd525dfb047ce0df33b743,f7746c045fade25e5b93abc4c73392dbb5320b2eaf47983e8bcb61cf84a81b70,3
categoriab_2019_questions-222,categoriab.pdf,73,exact_spanish_tuple,b-fallback-207,duplicate,,6666b25538b82e92d4c26c75951b70a6d003d402b412628099be75adb335a605,572f501a861e63a4dd5985874daa172f42e32757f105470648b5bb29e95cdf45,34f42b9d527e376683b2eb5174a06e491da79beacf15e15cd37c89dc2261332c,3
categoriab_2019_questions-223,categoriab.pdf,73,exact_spanish_tuple,b-fallback-407,duplicate,,7645cdf2f1b540f3fdb346018ce2508c856194a01c455830156a110875fe6fde,f2d337a0b1eb361a29acbed3d64468ccf73a7772aa9c24d115010e160e3b2a6f,0d0490498a50791358d2745aba2e2e1c0a2ec775aa5f4e47326481b42703c8f8,3
categoriab_2019_questions-224,categoriab.pdf,74,exact_spanish_tuple,b-fallback-331,duplicate,,d353bfcb376329f2f8e2d394a9b66da29bd742e43e75772dcdf879032ef0ee9e,f2a902dc6d0dbc5f1d16785dcebeec770f384ceb1b123a6af9864dcf15893772,af8070bbc328127bda32891bdc2223f00d309d8c3fed77394f91229c70bda675,3
categoriab_2019_questions-225,categoriab.pdf,74,exact_spanish_tuple,b-fallback-222,duplicate,,b877c7354307011f904e73bfdc99cc1f5532347f6208e7c7bd7fa9fc37aea36e,0e964bfb7f1d63da6416a70bcd305e6bae72c5c2b42ef5da8c1fe47215e17600,c1474ef161271e97e08203937e83650b86c27215527ba3f8ef50b93e4cd163ee,3
categoriab_2019_questions-226,categoriab.pdf,75,exact_spanish_tuple,b-fallback-111,duplicate,,f3485ae08fc336c9107df0812d39e5fd8ba556c4b7ff46685e76584e935cc9ee,04717c960b14237c47f21c86fdcdd83cce850325437585789e669b9dcb27b426,7119ad0e7dc9122df0333d8eb72b9c7db645ede52fa8e2b6d8cecc32ee23f8ac,3
categoriab_2019_questions-227,categoriab.pdf,75,exact_spanish_tuple,b-fallback-219,duplicate,,3f4f1b5d98ab4138c73dc7a8c4621cf583a5c8fd9514b3c11be580822c21acf6,68d68f7c31c03d418b8e2f55ced7f6481c2463941655427906a8e9877e6a424c,556e630db33e5c59e5c6ec49d1f7cd9825166b87d089eab7634a415a4a6ecd96,3
categoriab_2019_questions-228,categoriab.pdf,75,exact_spanish_tuple,b-fallback-336,duplicate,,54a608dea8787632693450c267bdd3cf126c22164a958aac6c764718a73f4d06,a5934b40e4310b27249cb936233a375056ce83310b1e2c10b434fb230003e7bf,985183607ccd25df64af1cb0509a04026d2801b176d5a80ac52676a238543a40,3
categoriab_2019_questions-229,categoriab.pdf,76,exact_spanish_tuple,b-fallback-197,duplicate,,61bbf9bb237cfd4cfb27d85d75d73cdf1926282641d7d3a472dd2f63d16eac8c,ecc9a62cf40252bfdde059bc0e74aa08d78112cc5f165db175d71171331988d5,7d7a4443b63451a03bcc9ecf671e67161427d23b1e3b4304fbd8256514194c59,3
categoriab_2019_questions-230,categoriab.pdf,76,exact_spanish_tuple,b-fallback-363,duplicate,,ecf128913d3cd033fee37865dbc6fa5b01dc8c610972c9a62d71041876a8e9cc,3cabf41f42f71156347da1ab2af73889a1c66586175592f65a2c299f63322b9a,a497cbe39cfe7ca400e22219ef5f08817786433d67351816f14f9a5b53878f32,2
categoriab_2019_questions-231,categoriab.pdf,77,exact_spanish_tuple,b-fallback-326,duplicate,,a61c138b7b57a7421ea58fe38ac469f02cfce2b790bf4fddb44ed495e5d67b78,3cabf41f42f71156347da1ab2af73889a1c66586175592f65a2c299f63322b9a,2983e55c7db07fa380e8c343a0c069f3b17ced779b2e54a5198d855edfcb8353,2
categoriab_2019_questions-232,categoriab.pdf,77,exact_spanish_tuple,b-fallback-403,duplicate,,4677f51d8d6bfa64cde8cae6fd0f4b1b1fff1ad5a7f565a893d90711cc0441fc,f4217b43feffbf1a73d361b6bfffe789fedada855c0457c476c6699fc7d0144a,f6d716d11307fcbf9c2add43b9d54d09ff6e5e3474f8f0d0a2a5a1def31cde44,3
categoriab_2019_questions-233,categoriab.pdf,77,exact_spanish_tuple,b-fallback-147,duplicate,,20bea08157793c1bea74ec0ca58b78f36d4b36ef4ac3e510084d4d9e9f981f24,3cabf41f42f71156347da1ab2af73889a1c66586175592f65a2c299f63322b9a,f927cf48bc87c1df8b4715493efecb6d8713547ee90af89991d80aff1bb50c53,2
categoriab_2019_questions-234,categoriab.pdf,78,exact_spanish_tuple,b-fallback-340,duplicate,,2c2c05f75e24e9f20f8bf8cf68bd522b5066212f41e5c2b4515c539035ab5acd,fd8d97bb41671cc988222f9dc7a9759167823d56687af6b47721e7691d521f0f,eb1109f10cc9c2fbbb6810a868ddd7d61fd1d287f9c2b019cd89b48abb42cfe1,3
categoriab_2019_questions-235,categoriab.pdf,78,exact_spanish_tuple,b-fallback-191,duplicate,,199af3030a7305ce41e79865480ae850ad7e65f141adb9997729561e31dda615,8a9c9d99caf0910bd928647715354f56552a7ec6540dde8e510ff1a964bbae63,5be52352238bfadd70b51d1ac7f334722a0ad2e73f5a24fa6cd0832dadad783b,3
categoriab_2019_questions-236,categoriab.pdf,79,exact_spanish_tuple,b-fallback-244,duplicate,,03e30092c917e98c710f3715c136b9d57f8dbf58db2cfac094c05dc9eab3910f,7c5322f0b5baa94ac3cbc0913009cd5f8865ed8a0ae84603126c42b76ff38496,99e618b67871c110e7c5e624919f88e078305709a79fc5421cb4a26f103b396b,3
categoriab_2019_questions-237,categoriab.pdf,79,exact_spanish_tuple,b-fallback-420,duplicate,,0dde03bb849de1d1421ee926c854850623592767db08253c75c84ec52f64d99d,cae94994c03d29d72d78db972cc3d86940bebaf0b07c8e5d7211ecde524b2896,5de0e80ea1f20241c2e110ea4c09a15191d4f49a0255627c5f6a8f9ca8cecbf5,3
categoriab_2019_questions-238,categoriab.pdf,80,exact_spanish_tuple,b-fallback-449,duplicate,,97efd238ef7acb377d85e7fc75332e64a9f660df5a2ab48d436928253e821271,603c7b37d3e8cee28dd6369819b348aa589d49aa0147a9ce95dc26c2e739f185,8d844cb3044bc212069f48662fa8e8fb1074b88d2fcc1c883c3c7ae251f17bc1,3
categoriab_2019_questions-239,categoriab.pdf,80,exact_spanish_tuple,b-fallback-236,duplicate,,cfc37b07ec4c3c40640729ffe1e05195906167062645c1041bb99287eed2dc4f,c1eac411b0949cd3ff8d3471248bdb83993558086c099d943219f9a4302fd546,d1c0bfea2dd49850387bca3b5c79bae96208a2248f1382ef8502588a1698d8cc,3
categoriab_2019_questions-240,categoriab.pdf,81,exact_spanish_tuple,b-fallback-032,duplicate,,2464092306132120f3611c3dd4a1ad80e342f3dd9bad2250757e8b3f586873b3,211a12d6e35259de5f3527e2b15dba9145845c286bf775ed7eec648ad74f63ed,7d69ca916d3e81973316f4db83ad60663b61b9295f6406b7a3df9c8cbdf647e1,3
categoriab_2019_questions-241,categoriab.pdf,81,exact_spanish_tuple,b-fallback-289,duplicate,,bcc598ed284407b52a01a0a4844b61df61fdc91c0ca0a619458739903e867796,4d1f3baa5b2ae228a8e6bafa11941614b8806cd63fb189a3b3bac46e7168ace6,cdd7c493a369b4ebfa846654f73f3e35348f550cc9af22bc90db938152de3594,3
categoriab_2019_questions-242,categoriab.pdf,82,exact_spanish_tuple,b-fallback-125,duplicate,,f7c4f277872f2cca5fdbfaf8b7c896ad3bd45c16330d83686213f21671932546,b2888bf1505352f9d66d44c485136554abec912663577098d3d3ac71963b2105,8e2cf9cfd94b6b09e25b88e6578905204ddc0dc698918181a4fae98c60a6772f,3
categoriab_2019_questions-243,categoriab.pdf,82,exact_spanish_tuple,b-fallback-452,duplicate,,07b3dab6cb3e586ef974f74ef3c8b01f67b76d278ee9ac1d9cb1ad3c76fb3c54,3cabf41f42f71156347da1ab2af73889a1c66586175592f65a2c299f63322b9a,6e82b84006b43de2725f55bdd546edb84848f42e01cbf4d54169602a5755f18b,2
categoriab_2019_questions-244,categoriab.pdf,83,exact_spanish_tuple,b-fallback-314,duplicate,,f43f6fbbf559ba078e2eb8ff6a60944a860aa6641aa15517d0412b6f1ee452fc,831eeda4fa9a37aca1f9c5a0833a17ced2719760c4933b7495f1896ee10d2110,b98e58d2d3386bbc1e00f00df1d60703d6bf590ea91c046554abd2cd36ad1343,3
categoriab_2019_questions-245,categoriab.pdf,83,exact_spanish_tuple,b-fallback-026,duplicate,,49a4228bda0abcab41c853be509f45bd5ef086d324bee26f836dd4d9fd5ff0da,5a6466b58c9e3809de47394236cfb3d1aed7a78e49e222ed0cd729b5317c1f97,b30395f028889da2aaf11f7632c67d99520651c4798f0e986bd14c9809ab6484,3
categoriab_2019_questions-246,categoriab.pdf,83,exact_spanish_tuple,b-fallback-439,duplicate,,b18a9a871f5037515806ad231178a604c9fce90b878c5cdd4a8a62c501edf323,3cabf41f42f71156347da1ab2af73889a1c66586175592f65a2c299f63322b9a,fd6827f1c8499ef3025a8f39f8126a1ab7425d0a4a7a91105aebf97feab284c1,2
categoriab_2019_questions-247,categoriab.pdf,84,exact_spanish_tuple,b-fallback-267;b-fallback-377,duplicate,,c13d2ea282d19288834fc5f123a5e6c367ef1eebddcbd117ca456f87540df453,2f2ad494602934762892388e4dbade57c143c3ffb8d03f88245502d2ae6ac155,2e43c8ec17b1695ba3be426d2ae5d1e3b96228da4a66cb41561fd64631ee6a45,3
categoriab_2019_questions-248,categoriab.pdf,84,exact_spanish_tuple,b-fallback-267;b-fallback-377,duplicate,,c13d2ea282d19288834fc5f123a5e6c367ef1eebddcbd117ca456f87540df453,6064fa099db2c2a6ad36b65100ae63c8e5b10fcc5c453f16eba47e67e670d735,873c6ef84cdfa37159444d91a7e9d34d41038cb14de9579348d1c856f474bf9f,3
categoriab_2019_questions-249,categoriab.pdf,85,exact_spanish_tuple,b-fallback-252,duplicate,,0a52eac9a5b8f79894ad086a3434512443d83070e37e2e9d96ec739b9e12d925,54f35aaedda977d94eaf80c4aebb6317ad493eabec7ddba4aa5eddd73f07ec75,98d3bd9f8e52ab5db13ede36d558f07f09cbf8cbc3d2b2066617986f970acfe7,3
categoriab_2019_questions-250,categoriab.pdf,85,exact_spanish_tuple,b-fallback-381,duplicate,,b3f374ec1009e0ca04d265f446c275c9e11ebae200feaebd3f94095eed852c37,45a63665a0a2d8f5c8f75825d3b1f116a5f7abd0590e4baefe21b14e106d354e,2db97cf75c746ac772e23b91586eba8917e6b355e630ff6051857402733ae06c,2
categoriab_2019_questions-251,categoriab.pdf,86,exact_spanish_tuple,b-fallback-315,duplicate,,cde2268b847d597238b41854295ff86abc3f32a3a418167983b27aba572055fe,f6493bb240a930ebf3a119ec3b704e7454f7dad46f01eac4471a60f0179fae11,1ee936ef922c3c2645daed16f6ec8ca59261b8e6754fd6bac89043b7ae5b4840,3
categoriab_2019_questions-252,categoriab.pdf,86,exact_spanish_tuple,b-fallback-049,duplicate,,e2ce7b7ab8c504e2880d4a6a212f8c174eed8541c4090221cfdb2e821119db31,6dc4fea243d13551a0e29b27fed112af861db9aada0fc0989d167cf9f963985c,1139091f0e6cd6a197c35eb25ffba68b23fe5945519a7d8c1ba0c87c80867c15,3
categoriab_2019_questions-253,categoriab.pdf,86,exact_spanish_tuple,b-fallback-398,duplicate,,ee89dffc73a854ca78649738b82f93418eacd189fa1c50d4f8d81f8bd4fb8f8c,29013fbb3ffb8e40310df16d30695e90d1e1a95a1a6edd31286b5ef3c875e0ba,333f099a38a0d94938c4e609ee1d66474c8c60ecc5044656039cd4612bb2b51c,3
categoriab_2019_questions-254,categoriab.pdf,86,exact_spanish_tuple,b-fallback-144,duplicate,,010c9c3ea05d71bc3c62bfd8315eb9a7f36ed6954ce853d4d0c50d99e00c79a1,08144f0d6a2147b7544072aa28234ea26993256f695a819646b80a429acf3d6a,783d381fb7a4b2d40c56151ffa87ed46788fa0ef3ea7fe4d27b8487364b2bb9b,3
categoriab_2019_questions-255,categoriab.pdf,86,exact_spanish_tuple,b-fallback-254,duplicate,,37257aceb0b11197ad916c965065270cae897abca23e5fc30b972db58ffd3324,425914e0c26588821f93afa19ebe2b6030541ade4b32451e4fa940b6503f30ec,02990356583192f39307c6d19f79e7bac3d3d9d4ad1f48bb52e3f7bc1c6b3e3a,3
categoriab_2019_questions-256,categoriab.pdf,86,exact_spanish_tuple,b-fallback-208,duplicate,,58aa23ec83fe21e37f6a731136da0709b80452c0c836b984b03e265e8a3edba1,e17db379cf114d7422d88cc024b5ecd2c14a1316137aac2922f3c71a2f7bb7df,03a4c6055389f21edc95275677a759307ad54b7450c08b03dfe026ebcc3414cc,3
categoriab_2019_questions-257,categoriab.pdf,87,exact_spanish_tuple,b-fallback-387,duplicate,,df520d2b520e99a7f21a658b7dbfbadc3560b7fb06fa3dcb0b4f5cd0a7f18966,fb7e45594748a512509ca0ff048f75b9afc7ec7d3ebcccc501e334cd7f41e345,2f328dd3a692cfc492469f36d0867c102348ad836f537d19382c5f376f079f7e,3
categoriab_2019_questions-258,categoriab.pdf,87,exact_spanish_tuple,b-fallback-233,duplicate,,9ff7e6164d9534b7e7ce966e906b554f0b2c9a8be022e254a677bb6ea8a9955b,6ea5b47de6b06f2a580362d8bd84d430a033504d6621a7eb24f5121bb901d9f4,f4577fb84dd146d04a63c27e21d8259f1ef726ae919954a8263b81d4c64d5d47,3
categoriab_2019_questions-259,categoriab.pdf,87,exact_spanish_tuple,b-fallback-158,duplicate,,5c348e0cf6c8daf2b1f3d9722b4628e172ee6940f68987f631ae1431448b2177,fb7e45594748a512509ca0ff048f75b9afc7ec7d3ebcccc501e334cd7f41e345,3224a036311c8d94d448951b201ab54de456f8a1e23397f8cefab116e6b2f252,3
categoriab_2019_questions-260,categoriab.pdf,88,exact_spanish_tuple,b-fallback-370,duplicate,,735afd0b7ce6e4058f39748fb809465f6050d675c678c19228173d308daa7e5c,fb7e45594748a512509ca0ff048f75b9afc7ec7d3ebcccc501e334cd7f41e345,b2f7f0833fc07adbe8d2c2c2d8ace85c47be00ca26f59f95d751dcd0dbc909ad,3
categoriab_2019_questions-261,categoriab.pdf,88,exact_spanish_tuple,b-fallback-451,duplicate,,05a63b7b3fb9d3ce99c528564322810c56b371bb3e8726460cd3d13f48214f3c,411d5c45ab020c0e04da4b53eebcd4205e3a08a1accd1aa9c9f4811bf634679c,22d8eea40923a09395c2e2fdd0263fafebfdf522406a390442ec1314efe664cf,3
categoriab_2019_questions-262,categoriab.pdf,88,exact_spanish_tuple,b-fallback-005,duplicate,,551f2f447ceac806b1cce684a17f1a23103ee5ddcb934ed6ef942c2b539e3e5c,de81b0d364f4b0f6ee3be79a977e8875389b82e6fd4811b493f1edc53f9d336b,1ca3456cea9bb593d6f4aeab5a1df25f5d35af9cd4891bde76e870b1db49acf9,3
categoriab_2019_questions-263,categoriab.pdf,89,exact_spanish_tuple,b-fallback-278,duplicate,,4c6b046755d87126f46b5a32695ae07aa93cb7b9efcb528a149eb2be2be94524,417f83d26cb67a963132a64d184580c0e7e7974bc2ff593cd1bcac976627d5a6,b633cf6fdeeaa0484dc9183604df0bffaf77962c1ef13503a9182ea01005105f,3
categoriab_2019_questions-264,categoriab.pdf,89,exact_spanish_tuple,b-fallback-342,duplicate,,9cf3cabf2665ea3c7824b7ec37a2cef959b99f8380ecbaeb0eb527e1f43c93a2,24310818d3a6448f08700e7c52cbacfb5ceae54561737f5c2cfd6c867cf42ec3,311040ae9b331dd75951511512c87c29e028d93a5636962896c69b80f7dba703,3
categoriab_2019_questions-265,categoriab.pdf,89,exact_spanish_tuple,b-fallback-266,duplicate,,b120b6bcf8cad309f70ccde6ee00ee05ccddcf258c1beb9f0f9657ec292a35b3,3cabf41f42f71156347da1ab2af73889a1c66586175592f65a2c299f63322b9a,da42ed7f089c417a57eec092bb101b2fc25a83ab73a10c9e9a173ff610ce2feb,2
categoriab_2019_questions-266,categoriab.pdf,89,exact_spanish_tuple,b-fallback-041,duplicate,,1189f8bacae5430506d464669d237791773a15f3120a19b98651641e86378df2,93b92b0d813a4773694b7e75546bd2ac247593c2518a1133aa9982f13ef73120,263f4d1517ee3e88f1075779b239997cdfeb898effd9373d68b59b60adea8ce2,3
categoriab_2019_questions-267,categoriab.pdf,89,exact_spanish_tuple,b-fallback-196,duplicate,,374cc615f3c4e1e48cf76be4c350ed0651a1d6fa7a5df4518eb5fd3c9d64975c,c5c2e8f2204a4b4f41b83cb67a21d0d03bdd162391332b702006afe1e6ee75c9,aca5febe0c35499a38f10a107100da822ff599fe91e1903d64f804daa8607887,3
categoriab_2019_questions-268,categoriab.pdf,89,exact_spanish_tuple,b-fallback-443,duplicate,,7e79f4e9796eebb14157139633d10fbd78859aacdb78d65723dfe9f2adcb0f36,3cabf41f42f71156347da1ab2af73889a1c66586175592f65a2c299f63322b9a,9ab807fc7cf55fc34c195067f2734012265d85d6b5a338cd652cdb9cd700f5e2,2
categoriab_2019_questions-269,categoriab.pdf,89,exact_spanish_tuple,b-fallback-095,duplicate,,5f4f511dbdf069236bdc92a150dcc2920bde75c8c30e0db66b46f4abb50922a1,3cabf41f42f71156347da1ab2af73889a1c66586175592f65a2c299f63322b9a,4b5dbf204a1f8c373856ddc93cba986d0db5d988032eaf924949731bca650538,2
categoriab_2019_questions-270,categoriab.pdf,90,exact_spanish_tuple,b-fallback-414,duplicate,,08b6a0de079ff4baccc8e2dfb07653559d12c01a7354de54c58ef689ab2321e2,bc791b4c4f3f17079d1c8f28fc583465601d955dc1a9ed03a080b4efd0292353,a2be49153e2ecaad86827529d068ea17876c12645b9de6115c52cf2a1b34b4b0,3
categoriab_2019_questions-271,categoriab.pdf,90,exact_spanish_tuple,b-fallback-346,duplicate,,96f051911fe81a1f446ddefc997c6e35aa5a3aaf9ba94cab944290e0d66870d5,448c223e3a7bdb3cbb415f2c56bf84a3010795663a5597b17865d19164d53ca3,7cc28ccce91ea7c3b69bfdbc86f64591b4807541afd7c2f1d4bac555b3b4741d,3
categoriab_2019_questions-272,categoriab.pdf,90,exact_spanish_tuple,b-fallback-410,duplicate,,4e1cd1c947c11ea76d94e2e9e5b4c7b8b0c9b7ea5dcb8bf7ba3271086eb744bc,a03aa4eef084821b3839d34a61e8cd94a128dc3dc8dd38a39ed114cb5b593b2a,642e6f3af458d5b7c4ff8246d40bb61e24229f9418c0c01a1004de77c48a722d,3
categoriab_2019_questions-273,categoriab.pdf,91,exact_spanish_tuple,b-fallback-190,duplicate,,f150bb7ca1a61d7e34fb44bab29c98a439410d99343cf1d45defdf2853efd1b3,895c41d6787089000d8f32e95467df1ba4d12d1ac4dc506ad8af600c9cde9003,0d60caabbcf51d9117dcea56a18a4b09341882f0021474770298716f52cdc22b,3
categoriab_2019_questions-274,categoriab.pdf,91,exact_spanish_tuple,b-fallback-019,duplicate,,c8160de505c5a38d265831c07c61e8ae3facdcdfd9e8d90e09f3d4e18cbc8935,1b70fd89ab9740ab33d2ecfd52e67c707545b3c6f62073cb2e491d39bda855a6,54629324bf310db70c938613ff63f2b4f5ac3b911c61e0b33579d3d918b1ec5f,3
categoriab_2019_questions-275,categoriab.pdf,92,exact_spanish_tuple,b-fallback-396,duplicate,,72cadcfb56301cd73b1f9ae8d5cc6da5c6f73a214b8b3ef1d8dffdcd4d8f8a37,297a711ba66c9cc4aec6603c9178145db59e48d85d78637da701425ca96dff9d,bf9d1bae39d72c8186601985811811a0a4943e797967639c6daf460e246f144a,3
categoriab_2019_questions-276,categoriab.pdf,92,exact_spanish_tuple,b-fallback-308,duplicate,,42f333e298e0f457303104f984ee3f9b8eef57e0006a371fb2a6aae4f31498f5,02446e030b8c784ee2ad06fca891d1b5dddbbf65d76e66fb77b001497867f685,9fbe42ddff396106385c7e7958aae85bc814a6ef3fba129469902b8db5efc858,2
categoriab_2019_questions-277,categoriab.pdf,93,exact_spanish_tuple,b-fallback-109,duplicate,,2e70761c96fa7ad7b80167d0556fa846a882c4c29758acf8fa3282f7fbeb571b,3cabf41f42f71156347da1ab2af73889a1c66586175592f65a2c299f63322b9a,a0f807c96ac4d8ae01643ed4a6ed001678247704054cc001c6f320b6626ee3a4,2
categoriab_2019_questions-278,categoriab.pdf,93,exact_spanish_tuple,b-fallback-413,duplicate,,9670093571018122ee901b9f47f1be3c133d48b5af7400e8a9a95b0f9ba76771,5d8076b6a5b9f05861827088f0214813da54b434d4a00abc4645e4f024090a20,0cdf09d3981474545557d8c25723b33911f733c0ae2ee10e6c22c6d146440ac4,3
categoriab_2019_questions-279,categoriab.pdf,93,exact_spanish_tuple,b-fallback-221,duplicate,,56f035046af9c7c30107fbbcba84adf1499b3237e0741425d5bafbbf30509fa3,e53b01219fcfb2ff7aab5b3ec6dff847511fb4f7bc70d837ba36749c98d181a5,30144565d2fae6132bfe1538d96402959617f0776d33b8d9fcad2a9cba40f0c7,3
categoriab_2019_questions-280,categoriab.pdf,94,exact_spanish_tuple,b-fallback-028,duplicate,,abebad2978148d2b5c32526033058b01c8e9ee36ced2a9d28785cc358032a42d,2842f6c3429cdd4cb6dd2b33128c00664d27f135eaa08991f0a3b8c0a6c56a5a,5c680de6cc27cebd227c5d65915049726f81df424b7911853342f88fd5506f8f,3
categoriab_2019_questions-281,categoriab.pdf,94,exact_spanish_tuple,b-fallback-412,duplicate,,6d2c9604fc5310bb84a0b9d33bd5f774bed71879fc6db5558f0f714a2ba34892,3cabf41f42f71156347da1ab2af73889a1c66586175592f65a2c299f63322b9a,64b31ba5cee1f88ab3c3e02012b27b501d6dd427165263da103492d353f18ed3,2
categoriab_2019_questions-282,categoriab.pdf,95,exact_spanish_tuple,b-fallback-045,duplicate,,710eafd7c2879c27f64ecba9f5ebd3f65a50d49955040ad34e563e4c8a7783c7,b5e6d04c5bc4fefa37f9ac2042729726a3d8e847c32d81f477e230b61b4e1c50,34496230536d24c3eb01876fb78352fd6c4094f58017af68c4a1e8466fc8e588,3
categoriab_2019_questions-283,categoriab.pdf,95,exact_spanish_tuple,b-fallback-121,duplicate,,655d95d95dc4d71dc338fdf11d2855bf5f3775df5e97c90c188a450f978fab09,3cabf41f42f71156347da1ab2af73889a1c66586175592f65a2c299f63322b9a,89be9df829b221f22a0c1f5ea3ef28d86c625389254df70f6dd753e32a619686,2
categoriab_2019_questions-284,categoriab.pdf,96,exact_spanish_tuple,b-fallback-079,duplicate,,edc21ba1ca8c7198871025b6f76e29f614a8508e6ba08cd2967aa7daf690f0b7,6c242dcc9431932ed7f281141f7f8dc508de5a8712b9b77473877f8763f80cdb,2c15b3a69dfa7fd574784d1fe02a16bce70bd5a714dd0d649e99d64904f1b979,3
categoriab_2019_questions-285,categoriab.pdf,96,exact_spanish_tuple,b-fallback-010,duplicate,,edc21ba1ca8c7198871025b6f76e29f614a8508e6ba08cd2967aa7daf690f0b7,bae6654e3b8cd75ca772131aa2db3525992b9090e48c6cfe8df53b9f526c2582,0a258e1df121e22768226ce0bc64c973364094ec7a9ece716dd621f4bd7d6dc1,3
categoriab_2019_questions-286,categoriab.pdf,97,exact_spanish_tuple,b-fallback-074,duplicate,,83e372a9ea0bf056fdae4c454594762f3fca1e77ae798339cc2dd8e80d2a54b0,eaf6e565e0f94943d06ac0e0c228923266f3ee474c8c60eed7bc50a09aceaa04,b16420d4726ed9fbb95d89592fe00fe02f04b313eb340d0a4fd29ddabd7da041,3
categoriab_2019_questions-287,categoriab.pdf,97,exact_spanish_tuple,b-fallback-087,duplicate,,ecce2aa308bde76268fbb1de0c0336fd1fc01023ca7692ba5d2c82bda7168085,3cabf41f42f71156347da1ab2af73889a1c66586175592f65a2c299f63322b9a,6ed9d73adc0da33d3492df435d28cd2af6144fcc4b667cfbc23f56499b725ea8,2
categoriab_2019_questions-288,categoriab.pdf,98,exact_spanish_tuple,b-fallback-097,duplicate,,688cf0c738159e3035ad2aec834ecf8702cdaacb9e3fd6ecefd5b2699e2b60a1,619c7b2c8e3d408b0abdae8f3acd6bec2deb0bbcf867beecf73cb970867f8596,d81340429fd4a27911d865c4355fc88e7a42855a7d16ca36d9ed12df7e678715,3
categoriab_2019_questions-289,categoriab.pdf,98,exact_spanish_tuple,b-fallback-015,duplicate,,7f6e00c85ed00d70f1c400e61612910ec7b8b27b307c5a00fe1dc0ed8b584bb4,3cabf41f42f71156347da1ab2af73889a1c66586175592f65a2c299f63322b9a,db4c2cf2137b09bcb729b4a4ded3b913976b19de0cb705716bd6d8a53279f571,2
categoriab_2019_questions-290,categoriab.pdf,98,exact_spanish_tuple,b-fallback-051,duplicate,,5116f69d7fda5e72f692d3b23b59bd58dd7b99b8ca266e73d57b595c11966850,d47943aad25a50637aed2b415d578590039904ac0774f6800b7b714259715df5,e9f8fa88832dc1e9fc86f55346f5e82dfda3363782d28f266a8eae2e5936f9c3,3
categoriab_2019_questions-291,categoriab.pdf,99,exact_spanish_tuple,b-fallback-039,duplicate,,186f9d9d0fc768dcd2f0eb4c9cfd677380039ec569e6ab4b7a6c3f20ad80bc6a,374c3529b9e3f4056e3c0f3120407e825c5f7053c80b32f2cbd9316241b47235,9c0d059acc737aece9aa91aadda2d8d467fc6ca14cfff9e7314b16340e2dcb61,3
categoriab_2019_questions-292,categoriab.pdf,99,exact_spanish_tuple,b-fallback-089,duplicate,,291a38ffcb1f356f040ed587af363940325d08327561839cf2a3cd4de52458e1,1102b720ebf531e6187125193b5ee38b06843157c0f42c9f992a570b1a07ce81,6bc15acbe44276c6818b6d6f2efebffaadc37d7ad739b88fdbc7cf654440803d,3
categoriab_2019_questions-293,categoriab.pdf,100,exact_spanish_tuple,b-fallback-016,duplicate,,14d46080243c3be601b888dad440d145c9c578a5532c88fe0c54cb2cf6fba686,35c0857424558a9ab01a6c3d954f3e0d4a49ddf20d5408bcd6f852d78979ca14,a00c7c60c0eae78fda83b3d8d1a372fdb0fa9af4cf7f6888cda22ef620e75caf,3
categoriab_2019_questions-294,categoriab.pdf,100,exact_spanish_tuple,b-fallback-249,duplicate,,19f6da304fa10a329a0c619a5df6576123f1953879a3336ab9f5ed8cf5f0d8b1,335238ead589da6652ca2c3284ea11f045a87077f24fa8370f0a90b1568b093d,3c1ed61af7a278efb00281aa0b77f69878c37afab9d595db40888b89562b6404,3
categoriab_2019_questions-295,categoriab.pdf,101,exact_spanish_tuple,b-fallback-248;b-fallback-402,duplicate,,e9b90d0714b7da6dc7176d28ba9d50e2dd278918753b52a2e1b8be20aa97b125,416723f83c43021bf624b374cb2b454cf9fd77bc647bd02fbaaae0e817cea08d,af265d1380a94190f2c3c7407dd078962be02d83abde6dbc92ab12bc37e3962f,3
categoriab_2019_questions-296,categoriab.pdf,101,exact_spanish_tuple,b-fallback-248;b-fallback-402,duplicate,,e9b90d0714b7da6dc7176d28ba9d50e2dd278918753b52a2e1b8be20aa97b125,416723f83c43021bf624b374cb2b454cf9fd77bc647bd02fbaaae0e817cea08d,af265d1380a94190f2c3c7407dd078962be02d83abde6dbc92ab12bc37e3962f,3
categoriab_2019_questions-297,categoriab.pdf,102,exact_spanish_tuple,b-fallback-211,duplicate,,690f2a8d2396c43d9f8ea96ecff89b6507ab30ac84e0290d3545f0f349f6682d,8fe9e9fc7ab4f713aa4468737b4b1b5dc0261d3992dbad556bc3db3911d022c2,6abe11fc0cc2581a62bd666602548c5be9a1bdfa5f5fb7b6d913ffb1a9ce3af5,3
categoriab_2019_questions-298,categoriab.pdf,102,exact_spanish_tuple,b-fallback-043,duplicate,,d89b87f8344bd8a0ac5d2577bc706380a0524fa6addc060bd625120937957bd3,b5d034e42c927be0c5fe869babbd715d45da59e691abc1905cf9c2eb7c1386d8,11c8f9bbda01f3b63ff309da66ff987377ab7a98274805bca222c7dfe97efee4,3
categoriab_2019_questions-299,categoriab.pdf,102,exact_spanish_tuple,b-fallback-271,duplicate,,bb46fb43a7f60e499a8ebf9c402f317f7e5250b1b2f18949f462532fb3ce325a,cf344ecb34f55efdaf045c5d101851d4759ba49d07152888ac3065c1a93bf705,5000a9ff3da4dd9ed1bb594672b89b8e600f547f2309479caa8356cf992c6150,3
categoriab_2019_questions-300,categoriab.pdf,103,exact_spanish_tuple,b-fallback-192,duplicate,,8eacf947b05abf511571346e8e25c9dfe63f9709a900eb7fb113da526b2d09d2,8392c26652a691ae174619df68aeded9df9cc14eaec67a49ffbd1bf786b4747a,6e8be6bd3b3ae753781fd8070a3b73842cda47505ee35acc75c2d172253c7e69,3
categoriab_2019_questions-301,categoriab.pdf,103,exact_spanish_tuple,b-fallback-181,duplicate,,0caf2ec7112e80cb57021c07deda4065f0f47d9bdf9004ad55e2a524ab823f6e,e636b7637fae706bea6f5e484eb3dc082452355897760daad2922cab70889ca2,57e265328c86ce497c8ff57b6430d3018106bf8cde46ce197032db4424516723,3
categoriab_2019_questions-302,categoriab.pdf,104,exact_spanish_tuple,b-fallback-378,duplicate,,5ff119e2fcc3a4a4eaccd903bd17c430b45381ef6add35f011d751a40a5baa19,3cabf41f42f71156347da1ab2af73889a1c66586175592f65a2c299f63322b9a,b0d8616509a25180327a258a615017ead38068d53d8d9266b2e14f803f5c409d,2
categoriab_2019_questions-303,categoriab.pdf,104,exact_spanish_tuple,b-fallback-442,duplicate,,956421ee8be76df9b08a29b753e99d742187091e226f4d075989ad6a36ae7a1f,3cabf41f42f71156347da1ab2af73889a1c66586175592f65a2c299f63322b9a,e016525215d582c1bdefb24ac85c4235e5cca932fdfa91dcb6332dd0f81fae2e,2
categoriab_2019_questions-304,categoriab.pdf,104,exact_spanish_tuple,b-fallback-232,duplicate,,0bf29a0d0be6f994ae30ab8f84811914b57df1761b41c9a27887132822f79718,eb1efe6351e8944d2b4066d172e0e46f9bdd38cd40b070558536816bd34ea513,f41fb6a3a9026179104726ed22c218eea0732d4089e4db1a7c87dad5cf8442cf,3
categoriab_2019_questions-305,categoriab.pdf,105,exact_spanish_tuple,b-fallback-002,duplicate,,1980d5911abb24faf7077447fd4e2dc708ff4aaf6f3c3eaed86e79898181eb8c,d18871992f5499b5a7e96bf16476b3b443e562cbe89c6311f10a001ccd35e011,7bddedd9152e9df22ece3b14ba344873708f671ad7b6cc4d4c284659f11a82c7,3
categoriab_2019_questions-306,categoriab.pdf,105,exact_spanish_tuple,b-fallback-187,duplicate,,8663f570af599b0cf801e358907d96500a38c3b855077516ae05f6fb00a98d6f,336d71b40d19e009cd3ef98a02adb05762f7e89dd002eb26f6c903d574592203,2ca0f80c2acc59e847dd9673a724fed255645d8274b64f67de15ede4bac4f173,3
categoriab_2019_questions-307,categoriab.pdf,105,exact_spanish_tuple,b-fallback-084,duplicate,,74d28b3106f1a3923cde0245d65af29cc032cbe9b3c4f21a0ece26313def7ab6,24743e8ab2e5adc7a29b388aac311ca97f0a5e7077c3b864bfa6fef48d8e49de,f00d47b5fc7317009cd5b414412c6cb94bd6e56667d8d654b4ab33d341df40af,3
categoriab_2019_questions-308,categoriab.pdf,105,exact_spanish_tuple,b-fallback-242,duplicate,,31618c99daf0c5751358d1052ba29e53bc3ba9bd651e08b49e3001e9bb182ac8,3cabf41f42f71156347da1ab2af73889a1c66586175592f65a2c299f63322b9a,264c5ca8814974d262a9e00b3e97881ba03651123e412964c705de9c7409ade8,2
categoriab_2019_questions-309,categoriab.pdf,106,exact_spanish_tuple,b-fallback-349,duplicate,,a5b6e69370e3b7ab3c167b172a8c9078dc5bf6048d1debe816ecddff09a913a2,3cabf41f42f71156347da1ab2af73889a1c66586175592f65a2c299f63322b9a,c59658a9cde58b4ea36cf4d4dba6fe0ac45263ebb16dc69330d6c54211f11203,2
categoriab_2019_questions-310,categoriab.pdf,106,exact_spanish_tuple,b-fallback-382,duplicate,,910ffaba0d3b0f0f841e8bbfc84271d8b30689e99c78d5c5bb87c9d9abe2a2a3,61092e10d1fba5a7b7fe41eed830c5071cdf2c76fc91ec5b6fc25a53ebb8f439,f920c7c5a53e650c8f2276fd586791d4fc7bc03974dbb33674ac5a5a0b187c5c,3
categoriab_2019_questions-311,categoriab.pdf,106,exact_spanish_tuple,b-fallback-014,duplicate,,ab56ff5c316c4b69db4f48a53da8b6ce57473629f71e26c8233a754fe15a64c4,0e6c9ed2cec9919ff56b0327fe414f32d06ed5b37125f9ca9aa39e1d0aea3b2f,3d6f57b42f5aa6a2d7c83fff3cd8e56a82c9aa14fc92e8de95f5ae6f5237c7bd,3
categoriab_2019_questions-312,categoriab.pdf,107,exact_spanish_tuple,b-fallback-077,duplicate,,e9f21805168da19b555b02729029c480a42fec2c0ceb0e754d260927ae4a61ac,3819c1dcb9f97fab575c3cb321a7e71107a18040cdf7f0b17bd35c21fb408f22,1c13d6d959e866e3e0fa12db5cc7a5f2e783cb20b8e079fce92be0aa6a5c051e,3
categoriab_2019_questions-313,categoriab.pdf,107,exact_spanish_tuple,b-fallback-250,duplicate,,53a99908f06e3770c98a213973cd39c190701a311dad10036ffbd65d1ca26e90,b8e2ec265cafd3594a59377050752359e00941402fdbc6977206b7f57471f06e,5682f5951aa5214bbb43b0e00f00b39c1ab4474376de89d1a0706337d2957bea,3
categoriab_2019_questions-314,categoriab.pdf,107,exact_spanish_tuple,b-fallback-292,duplicate,,c96f3fc2df78b4dce4f277d79f29f0e5c557977f610cde7403d6b9bbf2ffcc54,76d6e94fd1a43ae1a6fcce4c0a9b016b701e0051f63f257e7efb8af551bd6a87,60783360435eff3f27aafef386e4bdec13393c03624760112b142b5242160aff,3
categoriab_2019_questions-315,categoriab.pdf,108,exact_spanish_tuple,b-fallback-360,duplicate,,fde17f7b7b6b144b2e67eb6ee4a9a3e03eb912208a782dc45e0829311cd7013b,41fe5a3910e850c1b9d81455f143a81d8bbea97a115a7526d330c2dd7f33d5f8,71b330b2698500b7ddce8d58facb2d2638c1813a3533ed5619dd37b240622a13,3
categoriab_2019_questions-316,categoriab.pdf,108,exact_spanish_tuple,b-fallback-304,duplicate,,cd6e1b42af23cf31d29bbbe4ea474d4f64e6d9bb8d3b08c220556729b76be92c,eae282e3f7b2350552039f46ce5b7ac47293955de584c340d43b57f807201c52,c9855bb4d7b18936bc79835eeab73d278b06d9e857a44cc3f50978074b20b6fc,3
categoriab_2019_questions-317,categoriab.pdf,108,exact_spanish_tuple,b-fallback-247,duplicate,,1a4b1b61039e78f66d0626c36de0c5b157f1c9c157e1b3b0c81c123b541fefda,3cabf41f42f71156347da1ab2af73889a1c66586175592f65a2c299f63322b9a,ef5607bc67709dc397305970002bc5e928d53daf3920f02936b8c3927705d77e,2
categoriab_2019_questions-318,categoriab.pdf,108,exact_spanish_tuple,b-fallback-448,duplicate,,1bec27d6a6be652e649bf41e42a2e1ca823d13f2c4f8d097fe29e0cc1febf0c9,5f18a787c16464c2e07b2437d441f7e7b238aec927159d544b05ac1652ceb7f3,0716f46fc3f61deccc634c3e09af3dce1aad5ec5667ba3adffcccd8ccb2c8855,3
categoriab_2019_questions-319,categoriab.pdf,109,exact_spanish_tuple,b-fallback-189,duplicate,,6fad8a5ea1fbbeff5a642f7866d0a2ba8d351ffab711d1dfd7197b01e5887053,631c2461a338a248f60b9ccbdd523f3acba12efd6c282134861b63946b6add23,c93249fe3d514523f5524b422a59e2d11d0e5ac2b0403cb1247dc6c2bd097a2f,3
categoriab_2019_questions-320,categoriab.pdf,109,exact_spanish_tuple,b-fallback-251,duplicate,,0d0876ac34f456debb1612d60ee0fccbdafd53196010f7c4a87eb4c7a7a310ec,31e920925df90bdb302f13f86d6137193cf3418d13f2a0f30a15348520ef6a51,7d1e51b1df3fc6777daba54895672f30b0ce93e7f3b86c58601feaf5d049b3ff,2
categoriab_2019_questions-321,categoriab.pdf,110,exact_spanish_tuple,b-fallback-335,duplicate,,b8cf07fd669ed23845b3c485d0d838249a93c5357ef73aace827fe0dcaf24aa4,cdb2655a6f7b2f8f24eee4f673cf33de1305f2aa579e06d5706469ca8f317cfe,a2df839f1c090bc5a9a54e506cc2fe7a672677a9b3be4ed2a69e389da3acf14f,3
categoriab_2019_questions-322,categoriab.pdf,110,exact_spanish_tuple,b-fallback-206,duplicate,,44da142f56888dc2f8fd92677fc90c97450bbe08b2f329518238f9400a345545,0ffbfcbd9249925e081d0147e5b363bd04716ec2a8c49037a7b1d3070746381c,6ebfdb0a16be0546a57f8ea7327b7d360b5bd1dbc46c2da637b5421578856a2f,3
categoriab_2019_questions-323,categoriab.pdf,110,exact_spanish_tuple,b-fallback-390,duplicate,,49aa72d3007568fd9ac845c58bbc63db00be478f70adc8de1ce6164208a2c0aa,dcf518bcadd96ee90024d6d73c03f5ec256636cd4b8800f455635799d668f20b,07fec611051ee2da8baff5b082fe7fb48c2f8282877c3c24fb2103f7a8705681,3
categoriab_2019_questions-324,categoriab.pdf,111,exact_spanish_tuple,b-fallback-344,duplicate,,c7d9a51e7488b23c52a0b648452c6c09a35e45c094a259edb3136c4b2c98f575,e8481c82f1da8b8e51aeda612050d5a1d94d38c5307f8b640504de31eb33827d,90725081f114f4ca6d6455b20fbfcbe8d82ae75d3738c89a9cbc5eca7ad65ce9,3
categoriab_2019_questions-325,categoriab.pdf,111,exact_spanish_tuple,b-fallback-330,duplicate,,5093217e4f4a4e8961181289d4c6f813cb4bca5809aaf521806827f6197ef9e8,122107a44ad1b850a753d2f9d83d93766fc09b161cc8bae85b39541e9e495327,74a0925e9c3d442905ea7f177bbaa70d3b2f2eaaf802dd8073677da446c445f6,3
categoriab_2019_questions-326,categoriab.pdf,111,exact_spanish_tuple,b-fallback-056,duplicate,,5367c9cdb8a9fcf3d18291b48909373054cb633e3a8346a800cd96e447d0c1cf,3cabf41f42f71156347da1ab2af73889a1c66586175592f65a2c299f63322b9a,1a7dcfa6ca69ba15800da641a39375688d89928e83ae96c8c7b162e813542f74,2
categoriab_2019_questions-327,categoriab.pdf,112,exact_spanish_tuple,b-fallback-255,duplicate,,d1a2be7cdc92e3fda11841e22869d4e14780a6f7c9c793cf77d43c5f960af438,53eaa0d1fea47ed396faf2b306a5f6e6fc274ba0245accc51671521eb6a5bf31,6fa36c59fc0da38c4cd1a9ff52bcaab37aeeaf1b283d12a060bc6066e3fd1efb,3
categoriab_2019_questions-328,categoriab.pdf,112,exact_spanish_tuple,b-fallback-006,duplicate,,c04092af9e2d42198346521ae3db706b4417e80bc940c2e755b06befefeaf85b,18100d1fe79e51ad35a3c3b597f9559c7d8184ead9d57f4adf10b6f5370b6579,6940f13f4e58a6a5e9c6a7e4bfe99c2bca4c4aacc4a6e3cc8ab9b28fd0bc5957,3
categoriab_2019_questions-329,categoriab.pdf,113,exact_spanish_tuple,b-fallback-166,duplicate,,0311a104e4ae3451893ec36406ad4c526972ddc4f6405c15a9c01424308e45e9,e152f030b1659ebdb8d4dd568bc3c572556085558c3c92da774a8dbc8c8283e2,4a2881a6c162863a93a8423b7a6236bfaa6867b62bcfd76136d91a971cdd2187,3
categoriab_2019_questions-330,categoriab.pdf,113,exact_spanish_tuple,b-fallback-391,duplicate,,59489f30018d463871db499529c56c5441c82d3660c4af4e07daaa943db4bb20,915161e35d0b175de36ba4652044a52878c8cd0b1030b979e1ef1c48ecdad7eb,1f20309aaf2d688ac79b6463f3938f0dac352b898f8c491298b4ed90535f8c46,3
categoriab_2019_questions-331,categoriab.pdf,114,exact_spanish_tuple,b-fallback-460,duplicate,,fedd33e75fbde07d7805bfda3bcb03b257abbe7e788edbe1ba8835935d421e19,91d5d7ef5d12c0a98c8fde14c0a9126025c94d25164927d7a7f2ea964ee4fcde,c1329b7501465a8368c3a0339e4127abe93fce171c52cd43dc22851c02920f1c,3
categoriab_2019_questions-332,categoriab.pdf,114,exact_spanish_tuple,b-fallback-283,duplicate,,59acc9bb06f4d414af4bd508acdd08d15175224eedb78c89dd19dc75e61abb1f,eb4b86036b24d1a3c93ad94810020bb0d4ec41ebe5ec2add3dae4031fa35bbda,e8d8fd6ba307ca2196ef4a0f567d1ecc5d23169831925061dd83cc3ffd468089,3
categoriab_2019_questions-333,categoriab.pdf,115,exact_spanish_tuple,b-fallback-317,duplicate,,439c22ba865879a7f63f6654c4814911fde5900cce9defb5f017e4d1e3695950,bdfdd328a5487c5a51ce40b078937465022dd8457862503987413f13783d7ae7,221b130c5b12a027108b0da6fb3c6a29a1acdd32af883f94ec2459d56160b63b,3
categoriab_2019_questions-334,categoriab.pdf,115,exact_spanish_tuple,b-fallback-194,duplicate,,b15239107d7fc9d21744bab2040958479fdaf090dd3c0820551486235e428660,62bdf8b3f9bdac509b17d14d48f4c78ed581bb9ed8af9b6dbb14b8fc969a371e,50e0292fa545420de2daee605d096ed49ced6cb5a572d88d874d8dcb76517913,3
categoriab_2019_questions-335,categoriab.pdf,116,exact_spanish_tuple,b-fallback-240,duplicate,,cc7891c17a04d33079796f0fc05730fd3ada2cfd8c6bfc83362f5270124139ca,36f1eff327b06ff02ea2c45db43fe87fdbbc3e3689f61529c9f5cb0016b97a10,c5d89c2ac20c75194ddd6b1b1d1b16ae14942a0e3b076356c254f5353b1ad1a3,3
categoriab_2019_questions-336,categoriab.pdf,116,exact_spanish_tuple,b-fallback-428,duplicate,,36b4993c38ed4022b2e890fd1ae4b8c5f11c6ff41e0f38a985a49814ad2bb1ed,3cabf41f42f71156347da1ab2af73889a1c66586175592f65a2c299f63322b9a,8ddf7b9f5619662ed102550040bd8d9fd2c846d43b27d72f297e6eb7a518ba17,2
categoriab_2019_questions-337,categoriab.pdf,116,exact_spanish_tuple,b-fallback-376,duplicate,,39ee678aaa951f462310e02f76346380e129aa9a3b1a9ae23a7643b79800391b,3cabf41f42f71156347da1ab2af73889a1c66586175592f65a2c299f63322b9a,ef8c76a3593444118d9aaec740650fbc8404aa52fc678d4deac7e6e81599d9e7,2
categoriab_2019_questions-338,categoriab.pdf,117,exact_spanish_tuple,b-fallback-301,duplicate,,5772dd08defced10ca76bf81a1f426b9f6bbc5f96cd16bf195e5c93d1996bbce,e719de02e4fa0009778c969fb92caa7cc1ec03be1aa22c75113b6b35cd2889fb,9621b1d055e83b3b7e1b56a7cf4caf85b5fdf5a5edc0777f818594693a7ea562,3
categoriab_2019_questions-339,categoriab.pdf,117,exact_spanish_tuple,b-fallback-137,duplicate,,379bc2b0b9510714514b054198b838bc2fc786c1b7f8f419e229eeadf637c25d,db3cbc428758d5403047a84c655b7df66218976f3f39b9d8df30be3a42c8dd44,d0d72995253c195389b7a69397c0e005826b3b9a993f870e3a970fe59790cce4,3
categoriab_2019_questions-340,categoriab.pdf,118,question_text_only,b-fallback-134,ambiguous,manual_review_ambiguous_2019_variants,1fc12b587bd7e69eb8dbe9928bed6a99a4e9ff238e800d475a318db1b6c9b2f5,7184ae7fccc72999596eaa1a174482a6fd2ae5c22b96f276eba358bf2f004610,2a1c9b8f21b2bb88fd2d7724a4373ba0ea61a0079d4706ddda44e528246abc5c,2
categoriab_2019_questions-341,categoriab.pdf,118,exact_spanish_tuple,b-fallback-183,duplicate,,7880f3318b20473eb7f88a2f0d4623c10d6bbfeb873bec75cb43d3443c2b6611,50fced56c98a2e5e32c0ddf8e49702c0b6011489cf695b745dd59ece5955f135,09b7d1e894839db4a5eb882521382a113c57a92c8d91e5e7147b0c666c084099,3
categoriab_2019_questions-342,categoriab.pdf,118,exact_spanish_tuple,b-fallback-358,duplicate,,0f3628acb893545d8b400911d1dd88763586a61f27cc4dc56332ef6748312bb2,2ef95103665dbfa4e38243c492d486a335ad6198a27d17b337ae34b4666fbc1f,c8b1e13d67bb9f790c032e5a928b22bee2003f9665cc1212695a92e6a2c82cb3,3
categoriab_2019_questions-343,categoriab.pdf,118,exact_spanish_tuple,b-fallback-353,duplicate,,f34bb8eb82bdb960d1e4eb180720cfb4a86f654adf0a04837f3708193e0fb044,0e4e955065aec0bb6f6d533b07cb70fff99f5d7ab637b62470eb611213f0a33c,bdea71cd199834386a7f3272f4f60470ef4ae242f42d0b4f2b6f1682edb9f268,3
categoriab_2019_questions-344,categoriab.pdf,119,exact_spanish_tuple,b-fallback-290,duplicate,,ef591fc2c7111e43c26470e2c8589532258c17b839a19be001fe6c036aa6927e,d1c30d6e6157d97e69d522bf1b7737f52a905729786aa7ad8e8931718549981d,6a8f178e5a2326cc96456315188f57fc25c9211c2107fd1c268a3bcc3dc378da,3
categoriab_2019_questions-345,categoriab.pdf,119,exact_spanish_tuple,b-fallback-035,duplicate,,6a241ca0d3717bdbdad8b6e3fe60c2b65100c8b32e2446e32aa1da6f4095ef69,b2b3c27f554f7f9b2b7fcc5b852fe10011ca52fc2575176da86394a14f362474,fd1079aeccac6fc34a805fc0b21d977c782df79f7e863b61235c65c3b40f1085,3
categoriab_2019_questions-346,categoriab.pdf,119,exact_spanish_tuple,b-fallback-112,duplicate,,47b4194833315c6f8ee643682f6f7874fe326503e8d5209d8527d3b0b67ee5d8,3cabf41f42f71156347da1ab2af73889a1c66586175592f65a2c299f63322b9a,86ae601c4b527474f8c31455f1ef9e11e5bd37d05748d197db370c426911e903,2
categoriab_2019_questions-347,categoriab.pdf,119,exact_spanish_tuple,b-fallback-155,duplicate,,7282710bb94844aa375a1040a6839642b7bdba4496201a1b433ebe4ddaa41e0b,6b21408ba3e1b4928d69064f1792a0abdf8eb2c92c7cfe346bfaf5d67d29a6f7,b4b51d56b543ed334c6b1c4f5eab7065af82e5b37deeb623deb471734d943dbd,3
categoriab_2019_questions-348,categoriab.pdf,120,exact_spanish_tuple,b-fallback-450,duplicate,,7ed2f09a75cd551b5954501e629af51de11f5912079df2cf9182441ce8f708b4,afe26b88ddcc4b083082a4b2c12b6514f657455f507019881bca9241d40aac14,52c9f4764f9cb9acc421251f49f136a0e8de455c928d134e01b53a6245cab21c,3
categoriab_2019_questions-349,categoriab.pdf,120,exact_spanish_tuple,b-fallback-386,duplicate,,a51fa0901d82acb6915566f0c7f093962b13f0a8581f7fd5a8cc7858af54376d,8cd731582bd1313d2c2ffc0e9ab8bbeeaa2976f01e5c6b345c7c0555f140b29c,ca3812a1e3dccf5e337810f867c04c6722fbfe2614f311058666ae6238065d9c,3
categoriab_2019_questions-350,categoriab.pdf,120,exact_spanish_tuple,b-fallback-293,duplicate,,6e7987509daf38a5d359586274af422970ed21a76dc542116c47add1d641a26f,1c432718cc434f9d0bfd0baf254eb6349204632c175bd9746d96771506d32b27,af45e81bd20fc7a605fad2445d373e4a0723afbc55c2caf89d94f367662494f1,3
categoriab_2019_questions-351,categoriab.pdf,121,exact_spanish_tuple,b-fallback-103,duplicate,,307f2e6f9616ad99be27d0fe560fc381b78ed036708d29fe13b73dbe59fc805c,50b4e1b60b166f01e45630140a7c68e0af770f0a24ba84ed4e686dd4b5488ef4,0cbd7438679cbccd0ebf92250da0ad2bbf4fdbdedbffe611e6f1aa9cafc69547,3
categoriab_2019_questions-352,categoriab.pdf,121,exact_spanish_tuple,b-fallback-409,duplicate,,8a9658af541d0d2a2702e319155c62c256178339c1ce59953092cb64f48e35f8,cf38d8a42890c33e9335ef3977fbbea153dd76ecd06e1e331853d0ab5a35342d,847c5bc6bf9d20809dba883983e969a642fd413813a7be1298fdfa629dceb73f,3
categoriab_2019_questions-353,categoriab.pdf,121,exact_spanish_tuple,b-fallback-195,duplicate,,1209e97aae3ec225cfa9d409b34d1906858c2a3069c721e7c9879a3c66b7e697,4d7a0eedd7ba12d2d846892604ace36bd776d16bda184f0b8016d20de5c24d2f,37fbdae910ed0b3a33a22244fa0fe91bc437897fcdbf22b284fac333d15c1de9,3
categoriab_2019_questions-354,categoriab.pdf,122,exact_spanish_tuple,b-fallback-126,duplicate,,f26f0f90ed7429327aeae8af3a5c0bd83fcea7845bea0c93b5d299232381f5a5,ddbd1a6a26d5d8693e0a35bad936c6a030aed16baa4d0b542e098e1c904f544a,07a0fb0aeb840d88cd3ae551f1654289e226904b7db9d2ce0623643fc66b5878,3
categoriab_2019_questions-355,categoriab.pdf,122,exact_spanish_tuple,b-fallback-022,duplicate,,fd4b40c7c2bd1a92ebbe18cb352d5389b7071fcc604a0e43aa86bb18e3db7cf4,3cabf41f42f71156347da1ab2af73889a1c66586175592f65a2c299f63322b9a,91f58fe739644b7b2a08ab38261669ea14db5844ed9173e10dae31ae86c3dc5e,2
categoriab_2019_questions-356,categoriab.pdf,122,exact_spanish_tuple,b-fallback-057,duplicate,,5e26bede189295b8e2297731862b180fc44d12ed4adaa8802e0b7672bac404fc,377e37b4539ed367134b137df58525482bc06afc0cac5dd2f265d617c5591f39,1e78ebdc74e1747b02da88bfe4fc31d9d72af2b9db88821ecf844cff3fb704ba,3
categoriab_2019_questions-357,categoriab.pdf,122,exact_spanish_tuple,b-fallback-365,duplicate,,2a144f37bec4dc1ea66e08266336568c6f7602834b220cc00b501e97ab7468ae,75db7c8104ad3df38f31ab762fc929410d7d29fd504fd6adbc1be5cd02294057,765dd036e62fa1faeeb11c91468cfcf6651c531e5f38c3da99490173c1aa4b2c,3
categoriab_2019_questions-358,categoriab.pdf,122,exact_spanish_tuple,b-fallback-064,duplicate,,566471e0114d56e80fa928e2c55220924cdc1c851a764f24e2ecbf4bac21b6a0,b9288d48a44eec908b42167cbc45f6b359475c8262d52d6971e79349e8ca26ad,5e588f302b1d73e29d6f622c42c3f0c21d862f960907d4aa828060259c3fcec2,3
categoriab_2019_questions-359,categoriab.pdf,123,exact_spanish_tuple,b-fallback-055,duplicate,,f117416122636ee47c407de2b1b1bec42acf0e604bf187585a4a8536d587544d,dcffee90cbd4cb4b6bd07edbc85f6647691e88211d3d2d066520ea0af9cfddb6,1d30cbd5456c0d9f02a646bf082bdf9800d175cfb807dacbec9ba9fc777ff39d,3
categoriab_2019_questions-360,categoriab.pdf,123,exact_spanish_tuple,b-fallback-329,duplicate,,35a48193e5afbb0984708e02033b8cd9d41b542c29980e8348ab580ffb3414b0,283ffc0063594201d0313b58f5fcfeb1fe249633fb072199469f942d8975a159,d1c1a955776aaa3f9861fb85308cf75dcbc0116bf31dd9c148b0df8c2919c9f3,3
categoriab_2019_questions-361,categoriab.pdf,123,exact_spanish_tuple,b-fallback-417,duplicate,,e37698b5ef30c3af00e08584611681d8b6e6b39dcb99226816d792cd79aa459c,fd1c8c47e22d583e3a3758cf123d9ce48a5689b486f580fa3ba6717528cda1d2,a0e793bf0adbd9e4776cbfc76bdb7e6380321aea9446cb6cf909c5ec387507c6,3
categoriab_2019_questions-362,categoriab.pdf,123,exact_spanish_tuple,b-fallback-198,duplicate,,6e921c5e967487ff7732e821ce1cfd75717c89e9fdf9ce9e186c0cc7c614480a,1b14ff3a03f7e36dc20982564abb0f0cc71da65a4cc6d0ba67dbb86b4c93d571,0030156550d6a858bd0a92b945efd8b325ce5a6a04222cd93ab2d4cc910ae068,3
categoriab_2019_questions-363,categoriab.pdf,123,exact_spanish_tuple,b-fallback-375,duplicate,,5ae8704bdc3d47e16e77bca55b41329db6d71fca0786d741ed171f253fefe603,26b48617c786f5daed7d8eff7c12e21a298c2dfbf7bbdeff15e1e64c81bb7306,0fe80167331cdfc1b89e03195bc83cea3344922b3c7ce3d5f702d1ac4bb46050,3
categoriab_2019_questions-364,categoriab.pdf,124,exact_spanish_tuple,b-fallback-299,duplicate,,7d4fe06fab89d442f59e85a86b85ba6dba0d712e102ef804d3d1a2efd0c8aa36,956b7e4e700ede43de161dba01859329b20ec22d3a66050b139449c852e6c0a0,f9861d1bd17a1062b9f86d9a6ab4a9f6c0932eabaa037090a16ec30f8bc1ff2c,3
categoriab_2019_questions-365,categoriab.pdf,124,exact_spanish_tuple,b-fallback-269,duplicate,,557e6f03489118f500d95417ce02dd597eadfd9e2024d6cdfd2f8d788dbe71fc,0c6c49c888f494544d5386ba1aa80096a42c45d05ce1776df936e56c3ff7c3fc,af31b60af90ba5858ae0322ac87758b803b3f11edd5e219f8028ba069f37bbb4,3
categoriab_2019_questions-366,categoriab.pdf,124,exact_spanish_tuple,b-fallback-241,duplicate,,e9aae2409feaa9158659dcd5740a3d0ad4adfcc15d0d69483a9682ce86ea7e66,bd8bc921fcce02c8c1451572c139f9b600947eab601993e8d7e6b1c53f072e95,edb99192194579fc6a2c73eb0027e22a28260d34b6d1fa56df0cfc62e3faed75,3
categoriab_2019_questions-367,categoriab.pdf,125,exact_spanish_tuple,b-fallback-101,duplicate,,26c8e26114e1a32574be7f055b44fd54f5bd90f504a17ff87425652963964e02,9b39f31086ca2b614519b8ec0b0c9d1314137d8130bc50ec882c9f35be90df1b,33e159f238a4bf3501bb810692290678f68aa0d31e0982efbd5303b8d3b7e179,3
categoriab_2019_questions-368,categoriab.pdf,125,exact_spanish_tuple,b-fallback-393,duplicate,,f67a72e9bb3cd5c12af5dffeca75ffe5456216a3be4405f281997eb40d371832,b80555b2a0cec9c46714f4ef111cdccd8d0a52e976b8dc0a3cb0300521dc11e6,da5cf6e5c2633f893de7dfe432cabceb45fa76075b740f9d4762539faea61f9e,3
categoriab_2019_questions-369,categoriab.pdf,126,exact_spanish_tuple,b-fallback-071;b-fallback-305,duplicate,,b854a9169f4d6a515280ca6bf9ef57421024e17d4763dfb85b07805f2fc5449c,3cabf41f42f71156347da1ab2af73889a1c66586175592f65a2c299f63322b9a,105b3311771c4ca189744ac82a4b1ba8a56cacc885a161d98f37f2717825e377,2
categoriab_2019_questions-370,categoriab.pdf,126,exact_spanish_tuple,b-fallback-071;b-fallback-305,duplicate,,b854a9169f4d6a515280ca6bf9ef57421024e17d4763dfb85b07805f2fc5449c,3cabf41f42f71156347da1ab2af73889a1c66586175592f65a2c299f63322b9a,105b3311771c4ca189744ac82a4b1ba8a56cacc885a161d98f37f2717825e377,2
categoriab_2019_questions-371,categoriab.pdf,126,exact_spanish_tuple,b-fallback-099,duplicate,,92514d779fcc0d76ec0078cc41c8a2b3e74625573420e0bf4a5ec4052da8d5e2,660aaa327094df7a9b1940c2a51148698af382dbd95f432adecde90e84c5899c,8f899716c73bcf7fe4492372f5e552a560fe196fd490d13f33374dbddb5f8581,3
categoriab_2019_questions-372,categoriab.pdf,127,exact_spanish_tuple,b-fallback-231,duplicate,,476e14c9b41504b83f61a0d7583262274418212959cc79db2fa6f134b23bb4e2,3cabf41f42f71156347da1ab2af73889a1c66586175592f65a2c299f63322b9a,d849329dacb3f86b60be71716d65274493a1f91a7d3a5ee9bf9ff45b57556a92,2
categoriab_2019_questions-373,categoriab.pdf,127,exact_spanish_tuple,b-fallback-040,duplicate,,a99c0dbe8adc0537929bcfc14a09854164ec1cdc50abfcc2b8939a0be4f08fab,3cabf41f42f71156347da1ab2af73889a1c66586175592f65a2c299f63322b9a,7be6f8578f6bda4ceea2abd4dcffefaba779ba88bb6c6513821ddc5fba785076,2
categoriab_2019_questions-374,categoriab.pdf,127,exact_spanish_tuple,b-fallback-104,duplicate,,4d7078f29db50db613114a6fe12c1802bd643037b2c411c4d0a61f0c84b9cbb2,80c1a85386c53ef7856cad1d63d7b681e58b440880cbbff4955d3dab37f1aeff,7f7e1b454db13db98de51aeded28a4964ad7d66299601742db423f54c00df837,3
categoriab_2019_questions-375,categoriab.pdf,127,exact_spanish_tuple,b-fallback-007,duplicate,,d6ef8affb4853460a2bff51272ad354385ef249ba00450c440df37703955041c,cc320e23ff5c70b63064c2485adc4d218c5a71ee1c459934ec61fb5ae279010d,8cc81beb4f5a4ed605b1eb0274241fe39da8f985a7fa1b39451542df3c1a6922,3
categoriab_2019_questions-376,categoriab.pdf,127,exact_spanish_tuple,b-fallback-300,duplicate,,fde3eb81efd509ae89ba4614340a5f0f7e6cf602fa1dc1ab6e2d72b32d906099,5f2356fb78913794bb9df98ca5c9ab0f413a78bdb0590a43aa4033c9b4abf7ac,257356e0e3ecb494ab684ffaca01423d41fec3d388da072c237762268a6ac579,3
categoriab_2019_questions-377,categoriab.pdf,128,exact_spanish_tuple,b-fallback-282,duplicate,,5a1cb0a5621b00feb13545524503ddaa68899712ba3c7affc8d2d38751000c5d,3cabf41f42f71156347da1ab2af73889a1c66586175592f65a2c299f63322b9a,f2e424c147e0d0a056f8407ac9a1da2b976c4ac30954c6cef34d46c2811fd7f2,2
categoriab_2019_questions-378,categoriab.pdf,128,exact_spanish_tuple,b-fallback-081,duplicate,,59cd0a725a22d616859231e413c5de42c05b45ea6a17f94d8ae0b92f3dafb253,794ab71c5d9bcf19bcd087241cde58d8c66ed27b54a5a10f7e46ef709470b088,e65ad82d46d5cffea288d6a457b294813ddf93e173e4ce8c6fb8597db194b811,3
categoriab_2019_questions-379,categoriab.pdf,129,exact_spanish_tuple,b-fallback-120,duplicate,,ffedec70094939ab84da14ec39c05f12dfa19a65fffc00d868dccd89f87858d6,edf60bd5c8922050beffd992dee086932787aaf532a70b36371a5d787f84633b,02e24798f6c5b4030d0b8164637ce49a97751d3bdff339266b6285a55ffa54e7,3
categoriab_2019_questions-380,categoriab.pdf,129,exact_spanish_tuple,b-fallback-013,duplicate,,c4382e4b1e3d8cbfac3d7fbf5628f39f33a93567d00cbca1d33b77124cffa875,1e4dbb1b9b34cf007782bf7a340aa46d8e4e7c238a0f67486ada9303107d7ce9,fea1f00906f3851089641f89f5bbee6a06b53cd25ad1ea0eba81ab0cd2d143c0,3
categoriab_2019_questions-381,categoriab.pdf,129,exact_spanish_tuple,b-fallback-113,duplicate,,fa47536f3e0e92058af044970a50eb804e15eee5fef3ac31b33a9f02bdcd26cd,d4a7a02f103fcf8b0211a505a666037dd1f152a64b8d0dd87d230f72c07ec4ae,a05c2a1ede4476b713f5a2e296513c69cf9ea80ffc48fb133aa71ae160a8897c,3
categoriab_2019_questions-382,categoriab.pdf,130,exact_spanish_tuple,b-fallback-453,duplicate,,f3961c9207ba8e6e11baa0770d58d79225b0eece5d7e89e7e63d83dd401a229f,e6c7b3cc96e8118394bfef9492a82de4d69c150b498bdaf994e75bf8134f612a,c3691028d10addedf0ea9341359e3c070fec7b826594a24d0bf7d60eef1af59b,3
categoriab_2019_questions-383,categoriab.pdf,130,exact_spanish_tuple,b-fallback-297,duplicate,,789f6b3d917b476b759eb182e1c04745b53de7973eb8be0398401e5933fbb6bc,15f79d42c29e00c383cbdcb504ecc1342632eb30e8a2a5b27c3c7a4ea9bb7306,f3881b066fa08b0f78487956e788db0cc007a235ecea796868aa68041cb16d19,3
categoriab_2019_questions-384,categoriab.pdf,131,exact_spanish_tuple,b-fallback-210,duplicate,,23d5531b08ce1b8b78944e2f523bbc786e215070ba2182076d0b24a5928ed585,4494e705f1b2d3b657a97e5ca9d732ea2ba5e77719b9c1a881061423112be8d2,e7e38131b2ba631518c0973dc9da0a60abf1599f6ae74cf25cd2ae28e6c249db,3
categoriab_2019_questions-385,categoriab.pdf,131,exact_spanish_tuple,b-fallback-454,duplicate,,857be134932aaf99d214c7c6a37a845cae7ccc260e8b26d86cbe621d50c06236,3cabf41f42f71156347da1ab2af73889a1c66586175592f65a2c299f63322b9a,360bcfaa07d85b75e196e26b35cb00c1411ba0a00c7232acf02e154170cc6ef7,2
categoriab_2019_questions-386,categoriab.pdf,132,exact_spanish_tuple,b-fallback-054,duplicate,,bdf049e8eaa1c368e28ffb835af0d5ed76649cbf56dee6d5043ae20f86977bd5,48788a568fd8f9ffe5ce0e88f3e3a14a077d148f0c42f1fa1dab38f2c9e66c42,75cc26a89dda7f6faf928c312ea48e6d40e06fe284dd68c08d154a36e792849b,3
categoriab_2019_questions-387,categoriab.pdf,132,exact_spanish_tuple,b-fallback-323,duplicate,,4e9b7354493ef82e7b918110901766ba268138141186da5a883133ef2ff1984b,15629be4776ae732755c16a6ca0dc1b144e5c55a044a39ccddbfee7b800e3f0d,f0fd8a304509b6acdbaeb3ca83d574afb8801e248e63e63a27188585cb263e0e,3
categoriab_2019_questions-388,categoriab.pdf,133,exact_spanish_tuple,b-fallback-193,duplicate,,1ba3b25d4d7d8084ff2a106a1373930306bc08d27cbb513b4f8504069e3ff6b1,034bbc87513ab4fab0eb0ed00543c295bd7a664ba4ec021bd75faaa466f74ff0,c35199536850229977b946d2b67e3f18a02185519b317d20862bf10688618449,3
categoriab_2019_questions-389,categoriab.pdf,133,exact_spanish_tuple,b-fallback-046,duplicate,,9be39737cabe7606767c306545048dd023b022f4200c331097875364122e2e89,031d9302fa903aa377164ae9470f263fc732ba580de7b1558fcce029c575a03e,4f334c87255d340e61b07439e2ef34f90bb1e38573fb753162fbf4f19b617c6f,3
categoriab_2019_questions-390,categoriab.pdf,133,exact_spanish_tuple,b-fallback-102,duplicate,,aa9b42d2a20ec676f534b34b5574f9d896ae20a84809a1c79d6740f8aa2793bc,6c8a1b417543fe983b26bc6b620912bd189e1f1482104760fef9c4893693bf78,87c4433294c39ef5f0b2e3afd7e48a54002607d3521438182afdff3dbfe072a9,2
categoriab_2019_questions-391,categoriab.pdf,134,exact_spanish_tuple,b-fallback-030,duplicate,,758726b014bd49a3699039814ad78b1d9a1861485b8b6269c8dbd482f19273d6,c5c5023b3e49223b585221f4da717ace9157e3814f442d6df6ffc947f6c3f409,9c65a683ca61b3947ebfe79e368c09285f8fb69199251ef8c07d25927e9c76ff,3
categoriab_2019_questions-392,categoriab.pdf,134,question_text_only,b-fallback-422,ambiguous,manual_review_ambiguous_2019_variants,ab0868ed1b5a4ea866c6f9af87b19c3bf39eb259b87625c31923a5f32580f63e,9f24011a0e56fe025b759e0f141eb5ea6559ef2f38f2bb15d55df13b156f93d0,c6f60025064a7ed70c4ea0302cbfdc95b5acef6bdcf25747f48b7f7262e13f5e,3
categoriab_2019_questions-393,categoriab.pdf,135,exact_spanish_tuple,b-fallback-212,duplicate,,edbc412aa3f88c9f8cae2267bda674ba22009b7829addd03d7cec6033de9d24a,6e00439e3a8d963b289567aa7d324b6ac71a90e7ee00e8c2f10b6b328d11ff3c,37fa0614d9c3f5b91c8ce297ce37bc02f60ef6eda3aabef14eb80116aa9a14b8,3
categoriab_2019_questions-394,categoriab.pdf,135,exact_spanish_tuple,b-fallback-172,duplicate,,90ba95d2efaf6582e99b48f486cd131a87a0857a7cd05e3e6912aec133b44fb8,436d6248b41a15cd233c01f6821b6b3c89919fdc264a2acf510fc2d988bc8ec1,877e3f887416e919ec37f59b256ac69df74d2e44ff905ccbdb5d3ff95e8a5c05,3
categoriab_2019_questions-395,categoriab.pdf,136,exact_spanish_tuple,b-fallback-011,duplicate,,b77330999272048f6b623ef326485834aec38cd1a51e08a1f5a7f73b346101db,82fb84920cd061a4f3ebc52d8e20b42b13f08ff85062c21374d656dc7de6e349,bc73f1719f71ce99a9b1d223a05b27744b701e33f085d08def83b7601a17f5c7,3
categoriab_2019_questions-396,categoriab.pdf,136,exact_spanish_tuple,b-fallback-110,duplicate,,90ba95d2efaf6582e99b48f486cd131a87a0857a7cd05e3e6912aec133b44fb8,7f95491d9e3f5a227fbb1b554b5f37a6319cfea0a9fed4edd035a17dc6760f9d,cc9a771f1ae8eed8d1c45ea2ec9886a0fab272f7f22a1073f37d4da8d54f665e,3
categoriab_2019_questions-397,categoriab.pdf,136,exact_spanish_tuple,b-fallback-004,duplicate,,90ba95d2efaf6582e99b48f486cd131a87a0857a7cd05e3e6912aec133b44fb8,49c578011e729150f97a25627af71b32e967e34024eedea67a90b7947467cb05,146bb452205006ecda793ac576b5f0585eb25338ff7477130dbb4b00bc1c433c,3
categoriab_2019_questions-398,categoriab.pdf,137,exact_spanish_tuple,b-fallback-065,duplicate,,90ba95d2efaf6582e99b48f486cd131a87a0857a7cd05e3e6912aec133b44fb8,9d3d3ee56d667488fed5765bc70fede581d515b79325590caf36c20ca2eb3cf1,a7f6741a8a00aaad9e954ac152b89e0d730deb4cfe052d5214bb0e9bd63a7100,3
categoriab_2019_questions-399,categoriab.pdf,137,exact_spanish_tuple,b-fallback-238,duplicate,,90ba95d2efaf6582e99b48f486cd131a87a0857a7cd05e3e6912aec133b44fb8,2661088d2b5148a354240ca376ad5ca3d1f9087b383ca0eea2cdabf0429e2f1d,23480ede2e511f8e201957a588f7bbb80749e3733c5ca3e9c5a724ca889ded67,3
categoriab_2019_questions-400,categoriab.pdf,137,exact_spanish_tuple,b-fallback-068;b-fallback-262,duplicate,,90ba95d2efaf6582e99b48f486cd131a87a0857a7cd05e3e6912aec133b44fb8,16eb7a1d8e7d95723dfebbd486449a0e2858e226960b256d01d815864791ad2a,b46d17b3bad884f2c57ecf76a97548914ce509628539c443cb0aeca3f47fee2b,3
categoriab_2019_questions-401,categoriab.pdf,138,exact_spanish_tuple,b-fallback-068;b-fallback-262,duplicate,,90ba95d2efaf6582e99b48f486cd131a87a0857a7cd05e3e6912aec133b44fb8,57ab7b711cfd57bfab14a5a1ac65905523be8d2dc122447e5b3dd9d641a98bb1,f26e315f5cb261600352c72582ba151152630905ac1b05b5372e632a3007c9c7,3
categoriab_2019_questions-402,categoriab.pdf,138,exact_spanish_tuple,b-fallback-018,duplicate,,90ba95d2efaf6582e99b48f486cd131a87a0857a7cd05e3e6912aec133b44fb8,24848ff8d1a109d96e5f03738706c13b49147757dc3cf9313f880f7abf98b8b0,1372f5675dcb21f872186d1ab9698e0783f3facca48b385b20615eee690d5675,3
categoriab_2019_questions-403,categoriab.pdf,138,exact_spanish_tuple,b-fallback-180,duplicate,,90ba95d2efaf6582e99b48f486cd131a87a0857a7cd05e3e6912aec133b44fb8,be0467bffa16c77af0b7edce8858db9b393a35d853ad58d3adac8cf2e74838ad,36e3f788dd945753eca3ef5ef61f0a695d10104f2c2fd44635c6aa73c03f24b7,3
categoriab_2019_questions-404,categoriab.pdf,139,exact_spanish_tuple,b-fallback-295,duplicate,,90ba95d2efaf6582e99b48f486cd131a87a0857a7cd05e3e6912aec133b44fb8,509494dc55ce02164d2aee9379ed1c41b6121eb2f1ff5c7c10eab3e8e03eea7f,4e6d645af13e068a46f4f21b93fb36ce5bc0d72e23ce36ef0995c5ac6ad36508,3
categoriab_2019_questions-405,categoriab.pdf,139,exact_spanish_tuple,b-fallback-345,duplicate,,90ba95d2efaf6582e99b48f486cd131a87a0857a7cd05e3e6912aec133b44fb8,53fde06f8e5a913709e7430cabdb94c5717d99d66303ea0ad2d913150a16c5c6,9eddf9253804c8bbc50c7ae686e8e48e5714c3bcf57a27abc650da7b1f3f3d7e,3
categoriab_2019_questions-406,categoriab.pdf,139,exact_spanish_tuple,b-fallback-239,duplicate,,6770cfb9a47957f1e17880270786edc31dfa41c55777fcad6719b2c5babbce1e,c571c57ca08d128be8a6acbc82f1fb28a7e3424a9a9402f6cdb57ee2d0d2dcc0,02ff0245120059c94f8db2c8c6fd87dd6ef457e5d0b5022a1ab0660e4f6c72ff,3
categoriab_2019_questions-407,categoriab.pdf,140,exact_spanish_tuple,b-fallback-159,duplicate,,90ba95d2efaf6582e99b48f486cd131a87a0857a7cd05e3e6912aec133b44fb8,c9f66c5a2346a74ebd6f3d26a5ecd9eb20be9359447cf49aa36295d9151efd9f,ff484f6b4b40b5a789bc75a2e11652130799b07f565bdb054bffb28310a54d9b,3
categoriab_2019_questions-408,categoriab.pdf,140,exact_spanish_tuple,b-fallback-273,duplicate,,90ba95d2efaf6582e99b48f486cd131a87a0857a7cd05e3e6912aec133b44fb8,8c3b6409aa32229191a7ac29523fb4ed9050bff1f1dee3e301784b152304b822,3b5c63b98a3fba57117bdc5153948b833939a8969af539ce0dc3095e5873637a,3
categoriab_2019_questions-409,categoriab.pdf,140,exact_spanish_tuple,b-fallback-154,duplicate,,90ba95d2efaf6582e99b48f486cd131a87a0857a7cd05e3e6912aec133b44fb8,18bf1c7f916d6343f5a3962602f7bfb1ff79adeec7445b2418fc041190e2f04b,8ca1cbe2e05e9f6b1f6c50e5012cced7c4789917120ab7d00541bd36538fab98,3
categoriab_2019_questions-410,categoriab.pdf,141,exact_spanish_tuple,b-fallback-106,duplicate,,02c1eb320acf81796de50f1cac244b778f30b4034fdd661dee9a06ae3143c72b,0e7a8b0714b01e9087fae13a07a12ec7232a184a94e31b18f9cf1fefe4492908,637653a832f61d482e4544969d6b33dd445b071f54709c84b58dfe5a10f3f2c6,3
categoriab_2019_questions-411,categoriab.pdf,141,exact_spanish_tuple,b-fallback-153,duplicate,,f4dddf4bc9761ca00310cd77cbcee89c12b32c5cf72d74071ba2e3c674ddcecb,4aa9234edf37a277784cff775d4619cbba3fbcfc9f53ebebaafcfe1d22bb9663,f3c7f60004f20ba24c4d7fbae53d59a8b30bcc7222de96fd87b845439f550968,3
categoriab_2019_questions-412,categoriab.pdf,141,exact_spanish_tuple,b-fallback-123,duplicate,,90ba95d2efaf6582e99b48f486cd131a87a0857a7cd05e3e6912aec133b44fb8,e88d1a05369bdc16fe04cc78469f84afc96091df60b85de2385d8abfabbc1281,65a2870d992303bad9891524f35e05d53bbdd3ecce868461667199af1492b21e,3
categoriab_2019_questions-413,categoriab.pdf,142,exact_spanish_tuple,b-fallback-124,duplicate,,499e86ea6388a24b516aa905c9b80428dd9ecaff8936921b41427e44390883d2,1a21f1d0e8e5e9ee2abd7c5576b0d30839f06a0a9f87d9c7c95b14162ca0f7c4,86cd95c1c7b3dba80defa7e551a22f5e4710bf221df02f3bc59bec2eab46c52f,3
categoriab_2019_questions-414,categoriab.pdf,142,exact_spanish_tuple,b-fallback-202,duplicate,,90ba95d2efaf6582e99b48f486cd131a87a0857a7cd05e3e6912aec133b44fb8,a53fbc4fa573fa22f6952743dd626eb36b7833a1815d982374c8d7cef232a97b,072d79d1205edeae5415eb51ead2977d587dd80bfdda9f04fde5265951520e7a,3
categoriab_2019_questions-415,categoriab.pdf,142,exact_spanish_tuple,b-fallback-397,duplicate,,90ba95d2efaf6582e99b48f486cd131a87a0857a7cd05e3e6912aec133b44fb8,a518a765e0c9996a3b4d251351db3b09a040c3fd9607b1e824c84d3e8ae242bf,03749dd0b6e050611d156e5f77293e76e482e346ee12883dd972b9e32774297e,3
categoriab_2019_questions-416,categoriab.pdf,143,exact_spanish_tuple,b-fallback-379,duplicate,,90ba95d2efaf6582e99b48f486cd131a87a0857a7cd05e3e6912aec133b44fb8,164282e178077fd3da78d283bff77c07c078f54d5be150f798dd7337640f8dd4,0f09b7563989d70c5570b226e288177bbd44da41884e177cdcff982c7fbc85da,3
categoriab_2019_questions-417,categoriab.pdf,143,exact_spanish_tuple,b-fallback-185,duplicate,,90ba95d2efaf6582e99b48f486cd131a87a0857a7cd05e3e6912aec133b44fb8,ed625fff7da3a54fd6efe294d1db18c984f2537fcca8042a38ce8a5681dbd89d,7b1843bcd20f1fce036921d8fb05bd665dff36a1bd3ff844fabda14cf97d5580,3
categoriab_2019_questions-418,categoriab.pdf,143,exact_spanish_tuple,b-fallback-060,duplicate,,2e3c7c44949917f49487d6365887d16e02aa4710ba3ae8cde6b3caac497000a2,3cabf41f42f71156347da1ab2af73889a1c66586175592f65a2c299f63322b9a,d1edcf6cb1f33b4c713983e18276ad4e0197f03e449f80fda14cd93058edbcb9,2
categoriab_2019_questions-419,categoriab.pdf,144,exact_spanish_tuple,b-fallback-436,duplicate,,142e80bd19be0fc7984df3705482f5a7a8503e2bb96f888cdd7dbf72da66d421,1e12c39d840a2193e51eaf5b95ce6307f9b9d246be571b1d21f633218c7a7333,d895708a59cf75b1bc4f3205994c1855c2d8bf399151fbf779fb37a3f16c62df,3
categoriab_2019_questions-420,categoriab.pdf,144,exact_spanish_tuple,b-fallback-416,duplicate,,7e1551a910c22ec2986548562891d09dce49f72f5bb586bdd6399be63d9680ae,f957b5ef208cf2c8a1e7ad5348ed6c818399aff14e3d02d5493e76f0229bb08e,cad3adebd9a6112c7e53f6aed92ab249e59e2d30a713fedd782739f297b4b540,3
categoriab_2019_questions-421,categoriab.pdf,144,exact_spanish_tuple,b-fallback-115,duplicate,,b77330999272048f6b623ef326485834aec38cd1a51e08a1f5a7f73b346101db,3b2809542f14715b8bc071d1e423bc617eded734b8f18079db808bee83ef4694,9d42a53e347d79748d01fb57e44fd6ac4133ce5abe6e7f934acc22cb2c79ff06,3
categoriab_2019_questions-422,categoriab.pdf,145,exact_spanish_tuple,b-fallback-164,duplicate,,2dc0b971df30a63fdcfd701fbf6292b688174acc8d6cbd90153e118c5c128c5f,3cabf41f42f71156347da1ab2af73889a1c66586175592f65a2c299f63322b9a,0f98abdaddf8178272bd8b177778c083ffd4038059c133aaba65c13962d01768,2
categoriab_2019_questions-423,categoriab.pdf,145,exact_spanish_tuple,b-fallback-288,duplicate,,b77330999272048f6b623ef326485834aec38cd1a51e08a1f5a7f73b346101db,31130bf437985c464c8a7e0e8a990f8e9088525575bfba7f149bc4edb251888c,59cc378c1bc7d628505c88fd434f6f3606528c9fa7ce2bb3efd65a0d07c3ea71,3
categoriab_2019_questions-424,categoriab.pdf,145,exact_spanish_tuple,b-fallback-384,duplicate,,90ba95d2efaf6582e99b48f486cd131a87a0857a7cd05e3e6912aec133b44fb8,379d7faa5632d4b7a609851711d284568c2b6a3c06ad08612688c394b2c0375f,5034234a9c709d5f089639e6481def20724c56436e80e63f4768485607fc885b,3
categoriab_2019_questions-425,categoriab.pdf,146,exact_spanish_tuple,b-fallback-163,duplicate,,eb5e2ce2bb276e649ef7afecc25f06b653b26401e49e3872c960bbc6ecdee332,33197e0ef9d3878f6a9b0f4e0ac157658e5a73d65780c82da3737c7601745ede,38d461e3e079646d58dde7937068604db2f7c72f98744d6b414ce34e13012dba,3
categoriab_2019_questions-426,categoriab.pdf,146,exact_spanish_tuple,b-fallback-140,duplicate,,38adb2cfdcef075cbb50886c7e87b00126b300d329f1e29ad5f0a23b17643a07,c027a27457717ca1c25609d5f42b47c5d2d25790b0b235842ed067af29e8c80c,b6d7834f1654468fb90db2bead49afd540f9dbb5040939af2495406b7e19961b,3
categoriab_2019_questions-427,categoriab.pdf,146,exact_spanish_tuple,b-fallback-127,duplicate,,38adb2cfdcef075cbb50886c7e87b00126b300d329f1e29ad5f0a23b17643a07,229c9d6af4769c233822776ac7bb078c4684d5a73b8c751ab32f7e0b8bf7528b,2c92bb533dad78fea7ced90e5f6d645aeee50b1ea2e7597bd8db451679be4fe1,3
categoriab_2019_questions-428,categoriab.pdf,147,exact_spanish_tuple,b-fallback-399,duplicate,,38adb2cfdcef075cbb50886c7e87b00126b300d329f1e29ad5f0a23b17643a07,23c272ce971e82f408d7a0cae573565d78328f636ab6a46b3220a16306f65829,79d1fdb978f714a5fca4c15a4109cfc32afe62a405c44503a7397b730dbd6dbd,3
categoriab_2019_questions-429,categoriab.pdf,147,exact_spanish_tuple,b-fallback-162,duplicate,,38adb2cfdcef075cbb50886c7e87b00126b300d329f1e29ad5f0a23b17643a07,6b3561f9ffc7dcaca75a8ea60de1f54ae10e7f83bfba27d1bea51e9a4646c555,891b36cd0b57add292700092cbea674c050c8243e61bb751cfc5806e345145be,3
categoriab_2019_questions-430,categoriab.pdf,147,exact_spanish_tuple,b-fallback-029,duplicate,,38adb2cfdcef075cbb50886c7e87b00126b300d329f1e29ad5f0a23b17643a07,1f0bd6f3f72a60d695a784a6bb27c307d10b7a1f3ba326c945c31f75d7a4434a,a11d669cc0ca5ee6999a3dde8ea3ef83dbfca4e15cf8f0cf2c2d62c824f1ea40,3
categoriab_2019_questions-431,categoriab.pdf,148,exact_spanish_tuple,b-fallback-359,duplicate,,90ba95d2efaf6582e99b48f486cd131a87a0857a7cd05e3e6912aec133b44fb8,02a54576976d2657e9c465ac30f667c257f0f212b77aea82b3355938f814df41,f5175625627ce3a3e69d4c4ff1516c83c53e8ea4da3f8c87a06f0a29e0146b2b,3
categoriab_2019_questions-432,categoriab.pdf,148,exact_spanish_tuple,b-fallback-091,duplicate,,2cb6a211429b90fb3dd0a0f621a715c7c7ac69ad171ca53135b07265192451c4,3cabf41f42f71156347da1ab2af73889a1c66586175592f65a2c299f63322b9a,dc0410b63aad3effb137b1fd46a28b3c51003dfdf6bdbaee93184d82c6baf736,2
categoriab_2019_questions-433,categoriab.pdf,148,exact_spanish_tuple,b-fallback-265,duplicate,,3121e5a83815adfe2e4a0b04a4bc2fdd73e9ecdce2e68d3cd45cb273ff381475,ab51d3972a004586007d14e6bffe9781802c7be7f120d021a9f7621363720877,7c62eaf1a647d78aee61fbd46fe948ce2b7b998f79f1a00cb3aa0c32c11fb628,3
categoriab_2019_questions-434,categoriab.pdf,149,exact_spanish_tuple,b-fallback-128,duplicate,,90ba95d2efaf6582e99b48f486cd131a87a0857a7cd05e3e6912aec133b44fb8,b07c25c37f222ad3cb7e7ccc0ab35f8b46f629f190a5018b9fdf7852448c49d6,c09604831acf000c42793a880d5b13c87ef98766916dcbb98570db88b6d648a4,3
categoriab_2019_questions-435,categoriab.pdf,149,exact_spanish_tuple,b-fallback-423,duplicate,,90ba95d2efaf6582e99b48f486cd131a87a0857a7cd05e3e6912aec133b44fb8,aadb0369001dc7253f6c7d997c2d82a37957046431270b190b50e66c73c869c9,113993701b11b824bde9f581d0b9981f6e9ae6c84ba2127ae9957bbbdffe78d1,3
categoriab_2019_questions-436,categoriab.pdf,149,exact_spanish_tuple,b-fallback-327,duplicate,,90ba95d2efaf6582e99b48f486cd131a87a0857a7cd05e3e6912aec133b44fb8,e2908a1276f09d6c91848447e80006031c983efb8c71b024537c643ba60f7419,dc61ad6288a91f4905c0d3037faa220a08f905a10a51e6861d159473b5c7c291,3
categoriab_2019_questions-437,categoriab.pdf,150,exact_spanish_tuple,b-fallback-177,duplicate,,b77330999272048f6b623ef326485834aec38cd1a51e08a1f5a7f73b346101db,4da70b9f3259fea0429e1f00be466514e3785940c6cba41626982dbc88fd9506,ec6c5260e9cdba42450ab0f895c4f4a01dfbbf5ef35da7717bcd12864bb24e72,3
categoriab_2019_questions-438,categoriab.pdf,150,exact_spanish_tuple,b-fallback-205,duplicate,,3806d20ab2a6debe261198c1a1175c82737af7b950d9a001502c5ed960dbf489,3cabf41f42f71156347da1ab2af73889a1c66586175592f65a2c299f63322b9a,3766866ae1781d7b7d99b97f64a59aa4a76bb9261ff294b2c19699b19e78cc5a,2
categoriab_2019_questions-439,categoriab.pdf,150,exact_spanish_tuple,b-fallback-066,duplicate,,2f5a75802822acb5e330ace1a6eed14dc94c8f1948408a933403dbc05ba2bbd7,461df2c096d811b4ea9c9b5ef650db2fa0b247f309feb39bdb74db6fc3e03841,41dc592471c57fffb5153ad6423dcc1d80b70d015829bbce9190bccc8edc34a0,3
categoriab_2019_questions-440,categoriab.pdf,151,exact_spanish_tuple,b-fallback-287,duplicate,,4d392b4f74bd83fdd31a124b9fbe9c1c7c44c8953cd013261f9fa700544e88ae,cb83fc489a17227e4f46e8082768e9fcb7853de239d916506d7cb6b1adba065f,d7b054dad308dd9dd2479acc23c7977e60d65179f1e3d4eb6674ea4f179eb44f,3
categoriab_2019_questions-441,categoriab.pdf,151,exact_spanish_tuple,b-fallback-260,duplicate,,b77330999272048f6b623ef326485834aec38cd1a51e08a1f5a7f73b346101db,281c72b5d513ac96c50377d9f2a023bca7fcbd17dc2fc7e6f8f433592cfe54f2,e72215d1f1b49d417b386ca89b9374097a70b61f49e751aaf5906d562d4595d9,3
categoriab_2019_questions-442,categoriab.pdf,151,exact_spanish_tuple,b-fallback-042,duplicate,,7e1551a910c22ec2986548562891d09dce49f72f5bb586bdd6399be63d9680ae,66de7071951ef6102e1a539a6f7597ddc871321610103ead3f137ed96be2b290,596e618ed207b6384b6b5580639b234182468b4244b48462aeacbdad4c06734f,3
categoriab_2019_questions-443,categoriab.pdf,152,exact_spanish_tuple,b-fallback-156,duplicate,,b77330999272048f6b623ef326485834aec38cd1a51e08a1f5a7f73b346101db,694bf09759b7094712631d528fd5a56273f0218ea0a3e4a3030a6e39fedf7777,a673a8d8663d5c9582ec7dad226df24ee5b009435b1d3918c1aadb232d057201,3
categoriab_2019_questions-444,categoriab.pdf,152,exact_spanish_tuple,b-fallback-455,duplicate,,b77330999272048f6b623ef326485834aec38cd1a51e08a1f5a7f73b346101db,bcb4170929d566e1be70151cd49efebb59890d597cc5c496975c35c605317122,a8409f617bc45ff449b5aaef7c5a2909e0b7277b0a193f89bc49dd91a0d3e895,3
categoriab_2019_questions-445,categoriab.pdf,152,exact_spanish_tuple,b-fallback-034,duplicate,,9d4ac26a4bfe4e6f7de7549a8572f04adc3d1f7cacd490f3bd48947f7363955c,4aa9234edf37a277784cff775d4619cbba3fbcfc9f53ebebaafcfe1d22bb9663,4865c95ec93dc22a513b7dd758aafb09a70cc6c3ddbae3b410b317abb0c42600,3
categoriab_2019_questions-446,categoriab.pdf,153,exact_spanish_tuple,b-fallback-343,duplicate,,0f503b2878979f1643871e4721c36d6b6e3aa88bb4344d7003a1e4572f2569c0,24b553e957039ad613524c8f30d52fc744f199702cefc4faa8302fe1fa81ceb1,4502f9fb9d85bf1ce3067ad76b8856a95bf9abb2b61730ed3150784ee61e7c15,3
categoriab_2019_questions-447,categoriab.pdf,153,exact_spanish_tuple,b-fallback-296,duplicate,,0f503b2878979f1643871e4721c36d6b6e3aa88bb4344d7003a1e4572f2569c0,d675722c88ee5b5298f2e76168588efb730019a100e448be539b38221b9ec39b,cef223c3aa2249e6cf8575243d33a76a0e8eec9ebfa4707f49768e140a6460bb,3
gcba_2008_questions-001,PREGUNTAS-CATEGORIA-B LIC-AUTOS.pdf,1,exact_spanish_tuple,b-fallback-110,duplicate,,90ba95d2efaf6582e99b48f486cd131a87a0857a7cd05e3e6912aec133b44fb8,7f95491d9e3f5a227fbb1b554b5f37a6319cfea0a9fed4edd035a17dc6760f9d,17faa44033f9a39dfcd102efa14710e17bb7a95822bedc60ef1f7486d8ee206f,3
gcba_2008_questions-002,PREGUNTAS-CATEGORIA-B LIC-AUTOS.pdf,1,no_structured_match,,outdated,reject_unmatched_2008_candidates,587dbf34ab8d70cf5adde470a6140fca18f7af0ef5616db688cc4a4ab580082d,1c4f5dd67694f145143695a9b69bf4812ed6356ce09a5a25ea32d4dc9b451538,a6fa117b600d19d390a274dd5867eccac39bfd84c2ee6371ade0deb12f856550,3
gcba_2008_questions-003,PREGUNTAS-CATEGORIA-B LIC-AUTOS.pdf,1,no_structured_match,,outdated,reject_unmatched_2008_candidates,5b651d356d241cfc37cfbf97b2c786406dee3f635a079d1847a17a9aba219ce5,b24c0e13931d2ce974624dd4b0c9483560b7c811ff84b12e1093c24db7edab16,f1455aac0ca18d30bebc4ec882e23c9aa8fd633f3efa03331b043b5a9675cadb,3
gcba_2008_questions-004,PREGUNTAS-CATEGORIA-B LIC-AUTOS.pdf,1,fuzzy_question_text,b-fallback-199,ambiguous,manual_review_old_variant_only_if_architect_scopes,03e40d4bbbbb3f47d802703dbcf14bfb396ff3ff2fe4e0d2eb92120431223d08,ce6992e9b08c76d27fe658ece1ed1571209725789a817b340c1c125efb47bb8f,52aa298e4ee327b890b6745b0e430d05b749d63fae192f0f73edcbc068e7bf98,3
gcba_2008_questions-005,PREGUNTAS-CATEGORIA-B LIC-AUTOS.pdf,1,no_structured_match,,outdated,reject_unmatched_2008_candidates,0fb3eb3fe5666da47f3ee8bf7817159fecb7187b7b45ec1493d4ec1d11051bcc,e53b01219fcfb2ff7aab5b3ec6dff847511fb4f7bc70d837ba36749c98d181a5,8ee1b7d3a1787f060a5baa8e841dd39a8c7dff84c8ad186cc900b94cc557ff2c,3
gcba_2008_questions-006,PREGUNTAS-CATEGORIA-B LIC-AUTOS.pdf,1,no_structured_match,,outdated,reject_unmatched_2008_candidates,1e4c50d11c1f0ba1fd3dee0d650f797e0df401c24059bb8819303172ad4028fc,821094f1641c963279e01f9154dc7800d94c900c5297189dd8d6407ee81a06f4,62f5579cd2d223acf976bcebba192d9162d4e143013014730745f97790f30c65,3
gcba_2008_questions-007,PREGUNTAS-CATEGORIA-B LIC-AUTOS.pdf,1,no_structured_match,,outdated,reject_unmatched_2008_candidates,efc1426cd7e2f5d543079966aa22f77f10b17a51f00ef39074485d5de55854dc,8b2cc75e099f4fc37686428eb832a3fd68751523eda5f58981a573f20cf16fb8,7cf4790f79f13867383bcead9a770fe2dae6831b789c293daa95428870c95a9b,3
gcba_2008_questions-008,PREGUNTAS-CATEGORIA-B LIC-AUTOS.pdf,2,no_structured_match,,outdated,reject_unmatched_2008_candidates,9952cb223d1eb394b1478d9cc74db15381d840d883ccd8fd0c7f29fb84d5bc9d,b2a279ff6b6d21ba86821ee98d052d1a03872d43fb29321359b5d84e3695af85,66674718d4c184d99aba78e285181d7a36dff2fe4ad2de9fb2a38267b5666285,3
gcba_2008_questions-009,PREGUNTAS-CATEGORIA-B LIC-AUTOS.pdf,2,no_structured_match,,outdated,reject_unmatched_2008_candidates,991de7ee3888d93604d6d8f919c733d903185394be11858bafcc4eb6d8183bd7,672e13538f50de6b5e88f90031bb2d1a3574ab48b2ba6a9ac086584f759355c5,90207946b14aaed2825c82b7bc2a502de7d32bfaca3bee7e2b298d5313fbd07a,3
gcba_2008_questions-010,PREGUNTAS-CATEGORIA-B LIC-AUTOS.pdf,2,no_structured_match,,outdated,reject_unmatched_2008_candidates,5f683402421218c8f0093b1e3f02ce1afd399f3125c407542ac5b4597f1b0579,21716e22813b52efe7eaadfd176888f33c6baf0b87e4fb02a48424771e826ad6,90cd6d9b7a90616cffc980409c840acbdb022bbe2784a79ae203facb61c7796a,3
gcba_2008_questions-011,PREGUNTAS-CATEGORIA-B LIC-AUTOS.pdf,2,no_structured_match,,outdated,reject_unmatched_2008_candidates,b8f5e9400ca31ec087ece7169d87b34fa0a9dc98ee96f42f9f34603315bbac76,5e3913f9c8790c87e857861b1ebe585bd58f87f6cfadd5a92c4692efc0741c4e,cd65170b859b6dd74ab66e7804fb5ff1ee9ee461baa1fbebf23e87e6d776b0f9,3
gcba_2008_questions-012,PREGUNTAS-CATEGORIA-B LIC-AUTOS.pdf,2,no_structured_match,,outdated,reject_unmatched_2008_candidates,876779c4c8c3466585d1a37af59da40aed9e0bae4b92226452d926234e05e2a9,76067a063d7fd46ba7115d1b7fe4bdb86d5bc44f7b14210fa2eb8b18b6d95fd3,f36995bf4471fd2fab47670ed31226efb7fda4d338bd935ac9a5da8d6b7f0fc1,3
gcba_2008_questions-013,PREGUNTAS-CATEGORIA-B LIC-AUTOS.pdf,2,no_structured_match,,outdated,reject_unmatched_2008_candidates,ea8f8efcd6b1722a4e76b3ce70c22b4b7efa6e152a23c1d7aba7afe900e8de9e,64008f5260dc47a086d6cbc17da43a1c2dfc90a5e5e2a85de6ac01f661833d68,4cf16c83d4a13e95a2766ffda6b6f9769ad984a94deeeeb68bfb1d5098587733,3
gcba_2008_questions-014,PREGUNTAS-CATEGORIA-B LIC-AUTOS.pdf,2,no_structured_match,,outdated,reject_unmatched_2008_candidates,50c0c3a8418d4a49fa03db1a13cb6809756dcdd642d4e9f2052f5199f3ff01ad,22c9cbf37af51e47b12b3bf818b2511079348da3d2682ecb00918323768bdfe6,4634250f4381bde7f310841af95b60fdae33f8831bbd90b4b113a4b2d298ef1b,3
gcba_2008_questions-015,PREGUNTAS-CATEGORIA-B LIC-AUTOS.pdf,2,no_structured_match,,outdated,reject_unmatched_2008_candidates,a6fd5a7593835aa16500c4e05c677f151acb0be28b77bbb3a4c1649bef3a28ce,eaa6be33f57c744edcfcbaac22d59cadaa2b23a092a29173fa09bc5ddf6fc163,c4be50b29186ef8aca4c0e650b6f6240f1bae25ff28105f0e044f0959d0d8ffc,3
gcba_2008_questions-016,PREGUNTAS-CATEGORIA-B LIC-AUTOS.pdf,3,no_structured_match,,outdated,reject_unmatched_2008_candidates,a816ec5f281164c7269ffed47390d7c463489b166137d5a848957f3120b65d6f,4994b0603027f3c9bf8a46a661a12e0d2020691a4bbf4647b45f4d8c20982952,9a85bda70332f53e809c1264a539029dc0ccb341bb87ba195eb7c7802a964c2d,3
gcba_2008_questions-017,PREGUNTAS-CATEGORIA-B LIC-AUTOS.pdf,3,no_structured_match,,outdated,reject_unmatched_2008_candidates,c012a6e03a7c2b989e1fc24a01126cd4dbfb445505154360edf453a08f316cc6,4aa9234edf37a277784cff775d4619cbba3fbcfc9f53ebebaafcfe1d22bb9663,31810d0d119a44cee19de178ffae0478bf8ad7cd8246092fe8fb344fbbe0d553,3
gcba_2008_questions-018,PREGUNTAS-CATEGORIA-B LIC-AUTOS.pdf,3,no_structured_match,,outdated,reject_unmatched_2008_candidates,fcd45108ce3c75b5414f7cebc24fbb1903c17b82db22b1fdf8dcf4c69b610e12,717f414870e75f015f58c06ed15781c8f236e95d45d337d152d22334b1a24e9c,a47c33c5009b1b9c183405caf9d4c941f9c1d5a16d99b722d8a3c56a2ca800ad,3
gcba_2008_questions-019,PREGUNTAS-CATEGORIA-B LIC-AUTOS.pdf,3,no_structured_match,,outdated,reject_unmatched_2008_candidates,894585c4907cb94b4c00338f8808e70c0210e411999184f055879cb2a42b6b10,5434c44fef979679ab9897c17aa15b9bce8c0810ec8d8f58a1b855ed67ce21ee,7f4e91ed24f51a5b841bb5d51fb5b63102742719b7221b7bcb3cc2d90719d880,3
gcba_2008_questions-020,PREGUNTAS-CATEGORIA-B LIC-AUTOS.pdf,3,no_structured_match,,outdated,reject_unmatched_2008_candidates,216f1a1788af43df92328b02b8c698b4d6c814ca09f1da93f690cb93a7161711,9c052026efe590ead27c960ee8494be36d21810eddcc8c59603eba7dc24b71f1,6f13cadfbbc3b2f4ad2e2e0353faad4029b9616aea53e5abff4f9ec15870fbc0,3
gcba_2008_questions-021,PREGUNTAS-CATEGORIA-B LIC-AUTOS.pdf,3,no_structured_match,,outdated,reject_unmatched_2008_candidates,b41195af0bb6beb1b5fbac1f5465e31e8bb8a83726443865c6ac8a7686da3d67,bf18b5fccb9dc785815f1159e1a3db54598b4d058a0c400f176d64a5d0666c44,bd438b8040f09e7172d11fd1d989bcc1cf4ca75f943c305367978e1799aa8714,3
gcba_2008_questions-022,PREGUNTAS-CATEGORIA-B LIC-AUTOS.pdf,3,no_structured_match,,outdated,reject_unmatched_2008_candidates,926dbb28d0fd162b86dec143d640ff62179fdcca20196aaf70cddd1659b84cff,b00e225c3cec4cc892cc20eab40d5250408e9a596d8498721130247800903b7f,3d53de0d5cb1dcca20c8042be4b19490b5029ed20c1b6a769d3015e644df94d0,3
gcba_2008_questions-023,PREGUNTAS-CATEGORIA-B LIC-AUTOS.pdf,4,no_structured_match,,outdated,reject_unmatched_2008_candidates,342e88f5e8799d6812ba96a14c8f92f0cf44faee8cf9c6d9e2af621d2424cbd9,32e15204bff856fe25f45bb54bccdfb16ff174eb2c165526edaeea65a7e4bec0,7ff71b3d7979a13ad60927bdbe91fa1c9efcb789d669baa572db528dd9d18a09,3
gcba_2008_questions-024,PREGUNTAS-CATEGORIA-B LIC-AUTOS.pdf,4,no_structured_match,,outdated,reject_unmatched_2008_candidates,4b39223551a4d370f6d178cd0c3676eea413193ad3a717a4eb9ab8fd8ea6c790,b47c86f76bd3cd1c131a1309e7f9532b401706e84756dce96b2be1d268ca4117,20f4804afc34067f4477edea0728f22d8fe200f2595a64daf85b4c76cf2e84d9,3
gcba_2008_questions-025,PREGUNTAS-CATEGORIA-B LIC-AUTOS.pdf,4,no_structured_match,,outdated,reject_unmatched_2008_candidates,9201e0b172a4a5e501d99d3365308ebfcec4ff472888ba91e6843630dedd1ee2,5a12360d5b7ef2d5e9541199bf317f6f2eda7b0750951ba088af3b1d6a44f4b6,e2746fbf518e1c1e212acaa4d95690b8b78defbc1156b67701da048129eacb97,3
gcba_2008_questions-026,PREGUNTAS-CATEGORIA-B LIC-AUTOS.pdf,4,no_structured_match,,outdated,reject_unmatched_2008_candidates,a656c14bbf081ae10209eb166367ed36b9a697544209dfdab668a9af1257b6f0,6a152644b6fca2dfef5200c7066a69188b805fd72a052644450dc96db4693de9,5989b17eeca5a5c9e20369fb42b3eab3a6dde3c326359647476b086b3b62e0ff,3
gcba_2008_questions-027,PREGUNTAS-CATEGORIA-B LIC-AUTOS.pdf,4,no_structured_match,,outdated,reject_unmatched_2008_candidates,d6931c091bed7cc586fe6cfbd0ad33b67c8e4de13d33a8270948ab8680bd8d29,f42732b25744e407fc8ef0f7b25057dc9cfcdabc68dad1c901af4ed7ac4a3e46,02593ca16b8a04e1a20aa89fe3c5af1f0f0d804e92a4877314f1d0948b678c2b,3
gcba_2008_questions-028,PREGUNTAS-CATEGORIA-B LIC-AUTOS.pdf,4,no_structured_match,,outdated,reject_unmatched_2008_candidates,c5c0752d9807625299bcfdb9f955cc31a49132cad645b3dfe9577cfae8a3a424,edceba9a5d33c370eefa66d180f7b279c2923ed57696bd69b319abdf2d32da8c,dcc60417d8b95672c8b022f5754d2173336180f70f640229bbd014b93551d49e,3
gcba_2008_questions-029,PREGUNTAS-CATEGORIA-B LIC-AUTOS.pdf,4,no_structured_match,,outdated,reject_unmatched_2008_candidates,16a82ed9084343c3e1702b251f24a24d03ca3663c6aeb48f059b85f40c4e4419,7835d51c51bc86c48c4b4d033d2f3e75b5189080583ec2b4d84788f0855f6382,ee78ab82397f02859a130ac0614176de923959224d026d5486d6b7ddec96ce1a,3
gcba_2008_questions-030,PREGUNTAS-CATEGORIA-B LIC-AUTOS.pdf,4,no_structured_match,,outdated,reject_unmatched_2008_candidates,b459086c95326b383abf9888f8a593171a7935c8711aee803abd757ba2e5a451,9a9951e389fb12d56e3f85395c977a6351ebb928f9d77b94639c3b9706036810,e7b4cb11500a484e319b1b25e18a9f02ee921ee6db61513fc8e37758c03170e8,3
gcba_2008_questions-031,PREGUNTAS-CATEGORIA-B LIC-AUTOS.pdf,5,no_structured_match,,outdated,reject_unmatched_2008_candidates,5c7651a5412907c06db953e5bc936b28c72d6619fc49c442e2b5f86d9d17c617,ad8025d17c66c7340ecd316834f7ac197c22d22dfc6294fd5262b563ee941b71,311854a16dd0c26efb60269b35ad4df3ef149bdd15150fc8f077ad5c417a55d6,3
gcba_2008_questions-032,PREGUNTAS-CATEGORIA-B LIC-AUTOS.pdf,5,no_structured_match,,outdated,reject_unmatched_2008_candidates,7fbd5f11fa69cd4d6636dba597a28384eab013744e236b5ce43e6916728f78e3,658202b1480e457016a2ec832b85500eb6e3e8bb60c4c2860081d7d0396ecfdc,29b244022fa08d7b82f5a57e661e4f2a2785054ef529d35cec07eee0d931b359,3
gcba_2008_questions-033,PREGUNTAS-CATEGORIA-B LIC-AUTOS.pdf,5,no_structured_match,,outdated,reject_unmatched_2008_candidates,c4c503a598bb10b3623264c348175a5995e0753a4c1c77a82a22a963feab50d8,b45cef533fe0834368d71dce191ba517496bd97984a1d44ad28739a213d7c4e5,3494861e53ff8e8931197fa5662b1fd4335fb6878c1f3f9941bfeb7547e4c254,3
gcba_2008_questions-034,PREGUNTAS-CATEGORIA-B LIC-AUTOS.pdf,5,no_structured_match,,outdated,reject_unmatched_2008_candidates,20edf001c42ecacfac23c9f1d88a3a5a3bdc931d1072752db0a9a8abb7e9f82f,8f951f85c4c591c6bf065d83847df4be7aa5cff2c4054427bc89444fd98193d6,d4c52cbe9b1fbe37c7cef136e5309ecd7efeafaa369ab47538cd362ba11dc467,3
gcba_2008_questions-035,PREGUNTAS-CATEGORIA-B LIC-AUTOS.pdf,5,no_structured_match,,outdated,reject_unmatched_2008_candidates,3d7a0fd2d75bad141eee20a46074340c7d7514f870662c74b2f744bd04399e41,06eb800b65a5ec5ffdecf7ec5dd9309bbbb3cba10db7e97a198583500de702ab,04bae8e0fdb818f1197ed3500b431a29e280b41ca26899c6e793ac5e0bc4d445,3
gcba_2008_questions-036,PREGUNTAS-CATEGORIA-B LIC-AUTOS.pdf,5,no_structured_match,,outdated,reject_unmatched_2008_candidates,c37434d90077856b2c7fbc9d066fcbb834013400407f0649436a25aa53477f41,e680326e13b783a37a6a8b478ed0801b0d585be451bb679815e5e7cbf804381a,6218c8995d9fcd6f4878a07e319e1c6ab50ba26e724b6b64f558b128f22513be,3
gcba_2008_questions-037,PREGUNTAS-CATEGORIA-B LIC-AUTOS.pdf,5,no_structured_match,,outdated,reject_unmatched_2008_candidates,209d3c04b4fa7df065912affaad85296a3b19d1f4e371dc8b12de3f783642208,ae0acba25d1559b298a3f3dbdf6f57f0c5d2711429846e014565dc3c32af6248,8aedcd42421431e10de02282723629a3ee7aeba4466a2b8bcb6bd368deda7fa6,3
gcba_2008_questions-038,PREGUNTAS-CATEGORIA-B LIC-AUTOS.pdf,5,no_structured_match,,outdated,reject_unmatched_2008_candidates,a0e2fe2fe5f3d7587aafcb69657a5fec24dab22881d07ad386a4a0ca386ab0d8,33ff664302f1d45f340661f6dbda56eb0b6fcc36f77542528744ee14a94fcf4c,3a1baae14b20ed85b02eb01b968c99de49ef8c856ff4930e2c64288f9eb579b6,3
gcba_2008_questions-039,PREGUNTAS-CATEGORIA-B LIC-AUTOS.pdf,6,no_structured_match,,outdated,reject_unmatched_2008_candidates,b0fa6f3174338abd06949edb5eb8a10562b20aa99a5e11d19becaf0946ae3b5f,a4cfbe88b2aeac2d54b8aea31e54dd16f9c07d18fce5d92c4d1adea58234d41f,e60f41fd60faa7453a83c4c73f8d72f6d74a4e0325419829d6483a2c6daba293,3
gcba_2008_questions-040,PREGUNTAS-CATEGORIA-B LIC-AUTOS.pdf,6,no_structured_match,,outdated,reject_unmatched_2008_candidates,c3d07da7622815624bbdc758a856c0ab60b12ec6718ce3d0a474096a363f266f,1ab738daac5e5995d708a1e077f62d7b6476ffbbb44f5c6e8354705bbce49704,084174c0fc11386abf7c38320b34bab21b9ff59f484f30a32d06da844dba3f81,3
gcba_2008_questions-041,PREGUNTAS-CATEGORIA-B LIC-AUTOS.pdf,6,no_structured_match,,outdated,reject_unmatched_2008_candidates,616e22aaac41245a22469e01db6795ea61bd36063f76886a18ae8f461c57cdf2,ef6e13318671e4dd893e248b38087fe542c9b9c168b642dbfcaaef373ecc230a,25b331f3226b9f857b0bc5532db4bf84d9f390b0f5faeb73dc1eabae1f6d6654,3
gcba_2008_questions-042,PREGUNTAS-CATEGORIA-B LIC-AUTOS.pdf,6,no_structured_match,,outdated,reject_unmatched_2008_candidates,575fae1e6afaa1f7cbb19438fe4b412cb68fa8037183043a784549ecbc9bbbee,1320e4e1ff5efa5ef5852b982ca6c3d6e9e7a1196ff3d57d8cfa7f691dcd046a,1a3cc6fe07674f5f6d647280e3e5e56438adf0be38eaf08cbdf5c77ef50b4ea5,3
gcba_2008_questions-043,PREGUNTAS-CATEGORIA-B LIC-AUTOS.pdf,6,fuzzy_question_text,b-fallback-183,ambiguous,manual_review_old_variant_only_if_architect_scopes,44df0cca58677c415bed84f4a10684a6ef1ba545d7bb855b2f7b98f2879e701f,035e3b5204f41d3396c49de40d2e73903c7f8cb7a67a55206fd8aa4d333f563a,093fd577526ff7a1d12769aa2478ab49d093ff6d37f7558b5c646a9c0af38153,3
gcba_2008_questions-044,PREGUNTAS-CATEGORIA-B LIC-AUTOS.pdf,6,no_structured_match,,outdated,reject_unmatched_2008_candidates,ce88a1494ca920744e8865458c199f1a9ecfbd2befbf0fd12c9a6f0b36f79100,bb4c1ef69a1ef3619d96642bd30503563ebbbc81c0c8913d5a2e255708e168a0,761ebf39809c0e244593a0e4f20dd97385e364993d2f6247766818ffaf45e98f,3
gcba_2008_questions-045,PREGUNTAS-CATEGORIA-B LIC-AUTOS.pdf,6,question_text_only,b-fallback-178,ambiguous,manual_review_old_variant_only_if_architect_scopes,f1a4ce2553dfcbb012c21f4da9a56e68b5a3242c8247af577f297fc2615ee3dd,11b1d4c91acc2f125330fe188c241db82fe21f5ea3994a682f9d2ba1ba5daa87,4a929dbac07908b4ae50a62690728fe9fca31a65163d3f8baec6f5a4cc43bd40,3
gcba_2008_questions-046,PREGUNTAS-CATEGORIA-B LIC-AUTOS.pdf,7,no_structured_match,,outdated,reject_unmatched_2008_candidates,a87f4e8012279ffa15794b1694e2fd603aad199bcf8dedac4bf61fae32049582,5ea567282c3712f61446018c835d6e28a3b382cd224df69c57169bafcbb149df,fc047237b2d5ec554e2bdab3ccc9358e942457019088f29b1c1825b4047cc937,3
gcba_2008_questions-047,PREGUNTAS-CATEGORIA-B LIC-AUTOS.pdf,7,no_structured_match,,outdated,reject_unmatched_2008_candidates,5986ac0b0f7d2d3496f7788dd9b0b5b408d9ce1566cdd489e077d52c73cae598,b66997570f4e7a170dc9d9a39d395868dc0cbbbb97a4c9363228e22d1ea01015,b355c94601def15dcff56e9d8facfc3a467125c8ca9f2d7b5150d582b953fbdd,3
gcba_2008_questions-048,PREGUNTAS-CATEGORIA-B LIC-AUTOS.pdf,7,question_text_only,b-fallback-004;b-fallback-018;b-fallback-065;b-fallback-068;b-fallback-110,ambiguous,manual_review_old_variant_only_if_architect_scopes,90ba95d2efaf6582e99b48f486cd131a87a0857a7cd05e3e6912aec133b44fb8,f699deb8d59d496dafc5f3edc9ae414f4afdd3263396c9171b278a6690822dcf,930cfecfeba915c2c5a2e78a49d41a9177ff3a436bfab8c89a6a1edbe21bd0b2,3
gcba_2008_questions-049,PREGUNTAS-CATEGORIA-B LIC-AUTOS.pdf,7,question_text_only,b-fallback-004;b-fallback-018;b-fallback-065;b-fallback-068;b-fallback-110,ambiguous,manual_review_old_variant_only_if_architect_scopes,90ba95d2efaf6582e99b48f486cd131a87a0857a7cd05e3e6912aec133b44fb8,2c26eadff08e8ed543a531587b12a378b5c1a07794ffacc7ab82763954ee66db,bf1bf941bb30130ff4b0d75771839332d2e9fb1a6ac001feea3b19cd92eae0f5,3
gcba_2008_questions-050,PREGUNTAS-CATEGORIA-B LIC-AUTOS.pdf,7,question_text_only,b-fallback-004;b-fallback-018;b-fallback-065;b-fallback-068;b-fallback-110,ambiguous,manual_review_old_variant_only_if_architect_scopes,90ba95d2efaf6582e99b48f486cd131a87a0857a7cd05e3e6912aec133b44fb8,ba9a3d0d9af5f47f04f545174fdffd7e6f0826c586b7934d6fde663b9aa71879,2051b084e7e7e8f740f5ddd633624a9b9ebf95a875f44f3278830fd9bc4e7a63,3
gcba_2008_questions-051,PREGUNTAS-CATEGORIA-B LIC-AUTOS.pdf,7,exact_spanish_tuple,b-fallback-295,duplicate,,90ba95d2efaf6582e99b48f486cd131a87a0857a7cd05e3e6912aec133b44fb8,509494dc55ce02164d2aee9379ed1c41b6121eb2f1ff5c7c10eab3e8e03eea7f,f80b7f530e362b106cab713f552631709ed4e82c0830f2f44ef9251f29644548,3
gcba_2008_questions-052,PREGUNTAS-CATEGORIA-B LIC-AUTOS.pdf,7,question_text_only,b-fallback-004;b-fallback-018;b-fallback-065;b-fallback-068;b-fallback-110,ambiguous,manual_review_old_variant_only_if_architect_scopes,90ba95d2efaf6582e99b48f486cd131a87a0857a7cd05e3e6912aec133b44fb8,0fb34fef80fd0d5b1a6ba5dbd366891e462dfa5ff2ff98d200b20e5495b42ca3,0ac9ba64ea0d8302cb6592693bd74f18efd87225f0f914684f0df19b6d474619,3
gcba_2008_questions-053,PREGUNTAS-CATEGORIA-B LIC-AUTOS.pdf,8,question_text_only,b-fallback-004;b-fallback-018;b-fallback-065;b-fallback-068;b-fallback-110,ambiguous,manual_review_old_variant_only_if_architect_scopes,90ba95d2efaf6582e99b48f486cd131a87a0857a7cd05e3e6912aec133b44fb8,2b654ec8434bc45d4714f68bd5e672c84b0d5ebfff5ae17ba3b0ec79a567da1d,1411efd2fa09a9aa9b88df857cd2a42047913fefb0542e1d40a3c39271641c65,3
gcba_2008_questions-054,PREGUNTAS-CATEGORIA-B LIC-AUTOS.pdf,8,exact_spanish_tuple,b-fallback-154,duplicate,,90ba95d2efaf6582e99b48f486cd131a87a0857a7cd05e3e6912aec133b44fb8,18bf1c7f916d6343f5a3962602f7bfb1ff79adeec7445b2418fc041190e2f04b,dc9163dc351f3d098452e1ab0d866c61ab5ddc7fe3ab2ef9bbcd2c87fcf4f9ca,3
gcba_2008_questions-055,PREGUNTAS-CATEGORIA-B LIC-AUTOS.pdf,8,question_text_only,b-fallback-004;b-fallback-018;b-fallback-065;b-fallback-068;b-fallback-110,ambiguous,manual_review_old_variant_only_if_architect_scopes,90ba95d2efaf6582e99b48f486cd131a87a0857a7cd05e3e6912aec133b44fb8,f75be4379d955a3dc351583d696297b81a049c962cd2398389f1d5d7604652ff,36b6cb848f9f3743e423a5cdbd41544a252e7772b93c7dab03af6e54b7c4a3a5,3
gcba_2008_questions-056,PREGUNTAS-CATEGORIA-B LIC-AUTOS.pdf,8,question_text_only,b-fallback-004;b-fallback-018;b-fallback-065;b-fallback-068;b-fallback-110,ambiguous,manual_review_old_variant_only_if_architect_scopes,90ba95d2efaf6582e99b48f486cd131a87a0857a7cd05e3e6912aec133b44fb8,4dcc30d71811283c804f0b39f6318d0d613c33c70928e64f951d0c29c14333c3,09940cc5ca18d4bc39db55d1817c3640cbf93c3529a52ce0e87724882a7bdd9a,3
gcba_2008_questions-057,PREGUNTAS-CATEGORIA-B LIC-AUTOS.pdf,8,question_text_only,b-fallback-004;b-fallback-018;b-fallback-065;b-fallback-068;b-fallback-110,ambiguous,manual_review_old_variant_only_if_architect_scopes,90ba95d2efaf6582e99b48f486cd131a87a0857a7cd05e3e6912aec133b44fb8,8eb027107dd7ba5969c74ee40b18454b19658d8786384c2a41d1a7cc361b2b5d,512254b7affefa947ba60992df94994fe2e984f2b248f5f5a2f603db317b6f33,3
gcba_2008_questions-058,PREGUNTAS-CATEGORIA-B LIC-AUTOS.pdf,8,question_text_only,b-fallback-004;b-fallback-018;b-fallback-065;b-fallback-068;b-fallback-110,ambiguous,manual_review_old_variant_only_if_architect_scopes,90ba95d2efaf6582e99b48f486cd131a87a0857a7cd05e3e6912aec133b44fb8,c6b276cb8094dbafedb3270da4017d25fd25b5da3ca22ccde8ced25e424c6885,74419a5f6c9dca941dfbc1aeb8f201bf48ff50a537df3fe15d7fb06865414f40,3
gcba_2008_questions-059,PREGUNTAS-CATEGORIA-B LIC-AUTOS.pdf,8,question_text_only,b-fallback-004;b-fallback-018;b-fallback-065;b-fallback-068;b-fallback-110,ambiguous,manual_review_old_variant_only_if_architect_scopes,90ba95d2efaf6582e99b48f486cd131a87a0857a7cd05e3e6912aec133b44fb8,52a173d4bbd8f0c77ac5d7f04c78b3784789a095c0f8b13f1247a58bebdc7a54,8bd7e4136721d2175ea3178bb1dd034a83c9a340194cb0619762d8bc1d3f4a4e,3
gcba_2008_questions-060,PREGUNTAS-CATEGORIA-B LIC-AUTOS.pdf,8,question_text_only,b-fallback-004;b-fallback-018;b-fallback-065;b-fallback-068;b-fallback-110,ambiguous,manual_review_old_variant_only_if_architect_scopes,90ba95d2efaf6582e99b48f486cd131a87a0857a7cd05e3e6912aec133b44fb8,6e61a78ad501d7d402334b40230cc568f145faa32993d603d46f61aaad5f0edc,fea267dff06de41841c47d062370f6a292e47fd8d5c7285c514d807bd43eaf2e,3
gcba_2008_questions-061,PREGUNTAS-CATEGORIA-B LIC-AUTOS.pdf,9,question_text_only,b-fallback-004;b-fallback-018;b-fallback-065;b-fallback-068;b-fallback-110,ambiguous,manual_review_old_variant_only_if_architect_scopes,90ba95d2efaf6582e99b48f486cd131a87a0857a7cd05e3e6912aec133b44fb8,868812ce28498ba703dcb7cfcae438363dfa643fbab8737fb84ea13b3917ac73,d229580c28356edc12f9ac9ade3429b4d752b3ba604703c9576b4be9c6e4b9bc,3
gcba_2008_questions-062,PREGUNTAS-CATEGORIA-B LIC-AUTOS.pdf,9,question_text_only,b-fallback-004;b-fallback-018;b-fallback-065;b-fallback-068;b-fallback-110,ambiguous,manual_review_old_variant_only_if_architect_scopes,90ba95d2efaf6582e99b48f486cd131a87a0857a7cd05e3e6912aec133b44fb8,a06e1a6d57fefa0ece0f728451b61b079648a224de7ccd419bd781576febd791,6245acc188a72e0d4c1fca76cddd887827245ccd88dac1fab86a696317888f10,3
gcba_2008_questions-063,PREGUNTAS-CATEGORIA-B LIC-AUTOS.pdf,9,no_structured_match,,outdated,reject_unmatched_2008_candidates,2c4dd0f088bc3a7e4f6d36be1ae2c609e1d160521295c9e8cf9cdb273701b8fe,74016435a6335bd0f6bd9bef57c20071406c678d50a296ef1fe9ab3fcc48e7ba,e27cfec81370e06af4d07e41f5b814acc970b73cac122625e674b859ffd77c23,3
gcba_2008_questions-064,PREGUNTAS-CATEGORIA-B LIC-AUTOS.pdf,9,no_structured_match,,outdated,reject_unmatched_2008_candidates,b115fd8400e9df49dbfca64abc372f9124db0aafa5fe75866682276ef9956a42,f3a3fe955ae489133023900c5626f005775e8b4ef4159812463f35c6f4f693d1,2af516d9b8153e4892640340efdb6bff4c3e4c336b7138c85a15f74169531c77,3
gcba_2008_questions-065,PREGUNTAS-CATEGORIA-B LIC-AUTOS.pdf,9,no_structured_match,,outdated,reject_unmatched_2008_candidates,c11241d546c9e9f86075f26c6be2ea3abec47c62b158167a70637780d3be5582,a0e9495c8f5dfe427e471da570795cca5854ef0804c0c1b91fd1be374ce2d18b,827e7174c86d262b9b6e8b4fb2eb94725275e3808719b583d679c169d66f7052,3
gcba_2008_questions-066,PREGUNTAS-CATEGORIA-B LIC-AUTOS.pdf,10,question_text_only,b-fallback-004;b-fallback-018;b-fallback-065;b-fallback-068;b-fallback-110,ambiguous,manual_review_old_variant_only_if_architect_scopes,90ba95d2efaf6582e99b48f486cd131a87a0857a7cd05e3e6912aec133b44fb8,347e7fa1efe4efab7ea48821082eb729b7d08c55b64bad759bfa06dd98fd4192,ed8474cb9efb89b2d525cd4a93bc2c447d3d6487aea3b797aa1251edfb5c24af,3
gcba_2008_questions-067,PREGUNTAS-CATEGORIA-B LIC-AUTOS.pdf,10,question_text_only,b-fallback-004;b-fallback-018;b-fallback-065;b-fallback-068;b-fallback-110,ambiguous,manual_review_old_variant_only_if_architect_scopes,90ba95d2efaf6582e99b48f486cd131a87a0857a7cd05e3e6912aec133b44fb8,e1fd6d3689d79a689616c750994b010c3ff63e3b976b60de5b0116cfe32036ff,dd91a836384f6872aa46ceb30e2a10eed84cdfe8315373f1eb8d8aaf6d75a4f3,3
gcba_2008_questions-068,PREGUNTAS-CATEGORIA-B LIC-AUTOS.pdf,10,question_text_only,b-fallback-004;b-fallback-018;b-fallback-065;b-fallback-068;b-fallback-110,ambiguous,manual_review_old_variant_only_if_architect_scopes,90ba95d2efaf6582e99b48f486cd131a87a0857a7cd05e3e6912aec133b44fb8,d135d3d3dcd89f7ceda1a11b7002ca13d8a143dfcb6399b5999348bd83a69ddc,1a42109ca44ba4821d6a236e56ac741600e1728779f1e2498eb2517341dd7584,3
gcba_2008_questions-069,PREGUNTAS-CATEGORIA-B LIC-AUTOS.pdf,10,question_text_only,b-fallback-004;b-fallback-018;b-fallback-065;b-fallback-068;b-fallback-110,ambiguous,manual_review_old_variant_only_if_architect_scopes,90ba95d2efaf6582e99b48f486cd131a87a0857a7cd05e3e6912aec133b44fb8,ef8e293886558fa5e6f45ac9ae8ebe3a9da9064a202d1caaf7c2e9ca3b4f901a,7ee23c1ee82a4693427dd6d1743297645d5558ea04acb4bb3930799feb100eb0,3
gcba_2008_questions-070,PREGUNTAS-CATEGORIA-B LIC-AUTOS.pdf,10,question_text_only,b-fallback-004;b-fallback-018;b-fallback-065;b-fallback-068;b-fallback-110,ambiguous,manual_review_old_variant_only_if_architect_scopes,90ba95d2efaf6582e99b48f486cd131a87a0857a7cd05e3e6912aec133b44fb8,8fb55be6b639b3fd34ad5ae8e027e0d675d18e732b1c6578bf1d5317a022bcec,a20b612f9b373409422ffd4ee21fb854e08c84ce4db3e617ebb097186911d0c5,3
gcba_2008_questions-071,PREGUNTAS-CATEGORIA-B LIC-AUTOS.pdf,10,question_text_only,b-fallback-004;b-fallback-018;b-fallback-065;b-fallback-068;b-fallback-110,ambiguous,manual_review_old_variant_only_if_architect_scopes,90ba95d2efaf6582e99b48f486cd131a87a0857a7cd05e3e6912aec133b44fb8,50ec18f268ec45de88648305ed036b2bad7cfcb32fb6ea5ab4762a191ba98a06,32739fcdffc7b50d12e5494619858f99dbd4a94456c99e9b9cabc46644520ae9,3
gcba_2008_questions-072,PREGUNTAS-CATEGORIA-B LIC-AUTOS.pdf,10,exact_spanish_tuple,b-fallback-018,duplicate,,90ba95d2efaf6582e99b48f486cd131a87a0857a7cd05e3e6912aec133b44fb8,24848ff8d1a109d96e5f03738706c13b49147757dc3cf9313f880f7abf98b8b0,78dda744d3a7f67f9cdc2ebd28296eab0db833545b4612591367e3771d1d48bc,3
gcba_2008_questions-073,PREGUNTAS-CATEGORIA-B LIC-AUTOS.pdf,11,question_text_only,b-fallback-004;b-fallback-018;b-fallback-065;b-fallback-068;b-fallback-110,ambiguous,manual_review_old_variant_only_if_architect_scopes,90ba95d2efaf6582e99b48f486cd131a87a0857a7cd05e3e6912aec133b44fb8,18e7a0669d2ff85b4fe883a76ba8e19d2c4ce71e4e4d7cee735279c668cc170c,016d2e15349e9749aa986f2dc2e109f8b60d82a5847918fd92e296b2174d546b,3
gcba_2008_questions-074,PREGUNTAS-CATEGORIA-B LIC-AUTOS.pdf,11,question_text_only,b-fallback-004;b-fallback-018;b-fallback-065;b-fallback-068;b-fallback-110,ambiguous,manual_review_old_variant_only_if_architect_scopes,90ba95d2efaf6582e99b48f486cd131a87a0857a7cd05e3e6912aec133b44fb8,b5bf10c21a7b1ee09b0f329a399e72ff4a4cc5a88614b687e204aee7f3385c13,537fa96bce7a59dafce09cd715acbfc34ae702b775020d0313639097ac5a32de,3
gcba_2008_questions-075,PREGUNTAS-CATEGORIA-B LIC-AUTOS.pdf,11,question_text_only,b-fallback-004;b-fallback-018;b-fallback-065;b-fallback-068;b-fallback-110,ambiguous,manual_review_old_variant_only_if_architect_scopes,90ba95d2efaf6582e99b48f486cd131a87a0857a7cd05e3e6912aec133b44fb8,d90fcb3698c081f3207b2d324d1b3794e0d4d5212e04b0380e87d3435dd64322,5e9219328d5579d46e6b334232ef744adffa0b32aa5e3668b9c7169cc3b4d9bc,3
gcba_2008_questions-076,PREGUNTAS-CATEGORIA-B LIC-AUTOS.pdf,11,no_structured_match,,outdated,reject_unmatched_2008_candidates,8de6854b8b9a52c47945bab12d20a0eb55a26bd65bc59ed8f94363546d3f32a0,4902abc9a5c74da2ec38f50bb5568b45848bb88a82e95fe5526bf362da4fe204,629f6eba93125d5b69a7fc1dcabf66b9bf2de1513ed27d2fcd073040b1d2fc7c,3
gcba_2008_questions-077,PREGUNTAS-CATEGORIA-B LIC-AUTOS.pdf,11,no_structured_match,,outdated,reject_unmatched_2008_candidates,f5859f1a0dfd3546b144a28fa96ea5f439e077b75cfb8df3f2982f8e259e1201,b345b27f8bda149d5539d6f05ea42d933fccd1a533e807505c25870441059f1c,cb0f9f7c30806d98a7d10e89798fa21aedbdfbf53b8b5734fcfb031f1afe54cc,3
gcba_2008_questions-078,PREGUNTAS-CATEGORIA-B LIC-AUTOS.pdf,11,no_structured_match,,outdated,reject_unmatched_2008_candidates,4cb659062bb7bfb2f9bb498509e0f6619875f5bc3587418e8e5feb7e327e1bb0,d797d7faf9fd673c49f9f8ed557669fe658c6714142f0060f011fa468681daa9,2e4ad327e4cc606cbc640351ee44c8072d125f7e983ff29e306bb69f021714db,3
gcba_2008_questions-079,PREGUNTAS-CATEGORIA-B LIC-AUTOS.pdf,11,no_structured_match,,outdated,reject_unmatched_2008_candidates,b08ee5c3fc17a14b44d61828b55900e5f770bf00db52b365f5d4c90af98b498f,0021d819a224dab52069a49bb8941499660d94f12ef49e5da5a965de71ab20b7,c4fe2513295211038bab20829e979d42bbb7c94e9d301278b88ce596ee1c64e4,3
gcba_2008_questions-080,PREGUNTAS-CATEGORIA-B LIC-AUTOS.pdf,11,no_structured_match,,outdated,reject_unmatched_2008_candidates,460c22278afdefdd33ca5c806b557a26624c2856051128326317e88d2f2e1385,e2b89f6006d8771703319660faa39e1cb125c6907fac9633d58609e77f509475,89c256390b855d538b1fad5cddd2fbef1ca83835f605a4c7a4d9155c22ec9c3a,3
gcba_2008_questions-081,PREGUNTAS-CATEGORIA-B LIC-AUTOS.pdf,12,no_structured_match,,outdated,reject_unmatched_2008_candidates,8df0c2e5704630230c2647163acad34bd4231a85ec16f1f54377c19d392f57eb,ac4f5b833810a533f0bc44de047d8cfc9a12bc8960033327601e0bbede804def,7508f69dcf9988db7ab85f6a37108d555d3c16b21c8648cbaba9edf7e5af86d2,3
gcba_2008_questions-082,PREGUNTAS-CATEGORIA-B LIC-AUTOS.pdf,12,no_structured_match,,outdated,reject_unmatched_2008_candidates,5bb2b56039b8dad5b9456138e0cf963caef5635e8db2dfae5bc8312d6fe9d8a7,a65625eaadf48ace5c9d622b54c68901e3a5131a6c6a83cd0c53d5ebb04b8c9f,531d766491473f26bd479ce84ae5fa00c7f0e7320b11c4f1ee2d893087f729f7,3
gcba_2008_questions-083,PREGUNTAS-CATEGORIA-B LIC-AUTOS.pdf,12,no_structured_match,,outdated,reject_unmatched_2008_candidates,beeba13c24ed0470d4391ea4a5fb103e1f7449c7c24bc44b8fce48d8542aab2e,d912076d0a9ccbfd10e0af22949acad3080eb7bf2ec1717b527fab32ef4f6eb9,9ad1eb19e3f746cd2e7b2cf5581637b1af60b56a23bfd392043e9d5f92be18ac,3
gcba_2008_questions-084,PREGUNTAS-CATEGORIA-B LIC-AUTOS.pdf,12,no_structured_match,,outdated,reject_unmatched_2008_candidates,c8f21a0ddfa17b9b9cb70da63507b214b0a594bf87f3987cd2183c717c258f1f,0be4cdb51b0bbc082e79aa6ee9f885110006f68f841b4487745a13d6dc89b877,d1165373d6a38a34cba2b6decf90cf6b4ee4634a5e11a3195d53fa4aef32edcf,3
gcba_2008_questions-085,PREGUNTAS-CATEGORIA-B LIC-AUTOS.pdf,12,no_structured_match,,outdated,reject_unmatched_2008_candidates,4f55ba07a08b1c639d1405a829614a863756623a8801520e4fe3e511e686326e,68198304fc85e64c6f9c58ba1f7c2da6392e436ead8ba7f524524685dd3a3ecd,974eceae7e1cb59a520be7cceadf61e5d34408318e397f20b8df80ce966447bb,3
gcba_2008_questions-086,PREGUNTAS-CATEGORIA-B LIC-AUTOS.pdf,12,no_structured_match,,outdated,reject_unmatched_2008_candidates,096abfac0bd13b0ec346116cf8d56b34b8485160e21e2da54a41d78bb501d424,8a3138b5db657f80ca05c0b75b78998ce04a7ca082951ee682892813268ccd73,07535b38d6a338172486ec753b52882e529ba9775aba63705d17addaca3e8b24,3
gcba_2008_questions-087,PREGUNTAS-CATEGORIA-B LIC-AUTOS.pdf,12,no_structured_match,,outdated,reject_unmatched_2008_candidates,c4661bef0013cc595913b491e79e61bde0e2f825e84695061a19ef226da912cf,aee9ab7bfece61d2055703b9fbb4246c8ab3988cef526c9c4ff2b38e24c80319,e1d30ece5bf319f313bf7ee93be0d7b6031cdf3d77f0a87fb43dec046fd8e9a4,3
gcba_2008_questions-088,PREGUNTAS-CATEGORIA-B LIC-AUTOS.pdf,12,no_structured_match,,outdated,reject_unmatched_2008_candidates,00abe8114b401f85823b47f271bc5a85449b974fd1fa8de78e46e1de62eecc77,ea9b13ddcb060a5bf69e14a879c5caf085289965fd828f6ecd6aec1a8dbb2e1c,6ef2f3a896e5e9f184e4dffaba159b4722d6cabd4e9730f093bebcae217c9f5f,3
gcba_2008_questions-089,PREGUNTAS-CATEGORIA-B LIC-AUTOS.pdf,13,no_structured_match,,outdated,reject_unmatched_2008_candidates,c441af42f8698c6028fd2e5a6487061709ad19407109d3fd3ad8063d44fef7ae,8448296be356da4b0bdb2b8685f9c1024de37d9acfc19066b36ae87b8dabff71,7d80cc6a990881b9a8731aeff5b41ba36dee85e87a15f83114bc9b32be800aed,3
gcba_2008_questions-090,PREGUNTAS-CATEGORIA-B LIC-AUTOS.pdf,13,no_structured_match,,outdated,reject_unmatched_2008_candidates,c549b041f528c27998dc4cbffab3f6d06bd8324764a508b3b785709fcfea1a69,6b127c9de776286fcfeb7fc47132f2a23040de4172c627a333a607a2eafcd58c,ea2a887fa7673f702bcfca27f696e1bc96de35cbb688c98751f5c5bb9cff1a26,3
gcba_2008_questions-091,PREGUNTAS-CATEGORIA-B LIC-AUTOS.pdf,13,no_structured_match,,outdated,reject_unmatched_2008_candidates,6a96c4c9e80a427712b0dc4b28e9866b904a36ff33de5a7afe61ad8497040cf4,dbe5002d198a1f951898a5cb3f77ec23c5bb284452a2adc8558bc1d14d92551e,883f90a5bc0ade45eb35d627dd395f13dcc32861d90f0a67f42d760c9fef3cc0,3
gcba_2008_questions-092,PREGUNTAS-CATEGORIA-B LIC-AUTOS.pdf,13,no_structured_match,,outdated,reject_unmatched_2008_candidates,7dff691a2128afff99a3097bb3a47a3a494497cf0bd7fc462e5a1112ba607094,83d43113f64b4d673ff8f609ef2c3c08b2ab6c24d3cb0a5a59588a92080dd3d7,363afab9c4bd241d7f4947086ba8224171a2b444689219cc95f6b60ff768fb2c,3
gcba_2008_questions-093,PREGUNTAS-CATEGORIA-B LIC-AUTOS.pdf,13,no_structured_match,,outdated,reject_unmatched_2008_candidates,0f8585afe3da0f353bdbeb91d1df8dc9a9437fdf4259931979abffea2221b9a3,dad14b8e5d2ce9790628dddb467737db9b2cdd08769054eec6cca820768aec28,e60f007b64c247bf9af9d6c2ff691b1f5c4fc36685d2024007ca478a85cbe0fc,3
gcba_2008_questions-094,PREGUNTAS-CATEGORIA-B LIC-AUTOS.pdf,13,no_structured_match,,outdated,reject_unmatched_2008_candidates,f4c4fade10583adfb8c7808f33caf6b51b9da0e481d4ebaa405c2b2793b40e7a,d6faaea5f64a51f0cd049f1221a2a1f1f7c2ad71108d5c192d3919dfc9efa43a,5257764aec1a40d3f8a81175006627b72e4d98cb50bb408d58cc18a4b40f9ee9,3
gcba_2008_questions-095,PREGUNTAS-CATEGORIA-B LIC-AUTOS.pdf,13,no_structured_match,,outdated,reject_unmatched_2008_candidates,270c9e48742360e02faa39f752c1ecdb83340b7683b74d0cf917e848bc44d7e8,3a6d7ceb746141518ed1381dbcdc66d49c801501a5d09d8a7eb3bd7ffa311ffe,a1e6d0c8730efc79bbb4ca214d3225bb2593e23303e2f9fd0453cb7a2b5baedd,3
gcba_2008_questions-096,PREGUNTAS-CATEGORIA-B LIC-AUTOS.pdf,14,no_structured_match,,outdated,reject_unmatched_2008_candidates,4571966dbbc44f9280c95112113b055d17e819e3f2b4ffdd1d14a39f535d1d5d,89be22299ed33083275d8e4f0616aeec916dbab0d7f9524772c6ae9131a5f322,1539825946cfab5d91bf2bcfaa9abb330cbcca4da4a0539cc5f4c2517ff46c2f,3
gcba_2008_questions-097,PREGUNTAS-CATEGORIA-B LIC-AUTOS.pdf,14,no_structured_match,,outdated,reject_unmatched_2008_candidates,c4234328079be5025646d29d82f817bdc079555efb424fd07fc481f66029fb71,7295e47fe10d6d8d02ea3bdf6d28913df7a14502c41b03b6f703f4eba624b958,ec6cb6fb24a862f66f0f2a06db62bd7dd0cd8526cc0e9e86ff0e60349d0d4cf6,3
gcba_2008_questions-098,PREGUNTAS-CATEGORIA-B LIC-AUTOS.pdf,14,no_structured_match,,outdated,reject_unmatched_2008_candidates,bf838701e44fdfb35cc9726e206961efed7e5e3c60c7961ff3cd27a88d3e9668,623e7e0634a03e4f1b9a3fc900fe8e322e0dbb51a32147dff75ecf3c19cc10c3,3115848a5a8577bc575d407c3dd268c39196fbff1c7dd6cfd6c68892db3c0bb7,3
gcba_2008_questions-099,PREGUNTAS-CATEGORIA-B LIC-AUTOS.pdf,14,no_structured_match,,outdated,reject_unmatched_2008_candidates,da133904bd9d5b86c290ae50285a0f567cedc13eceeba587a088a767945972cf,2f6204d446cc093874cb63d5d067118e85caf12663e8aef6da2eb1f227e05939,43da06014b0e8de79886e87e4bbf558cc86fc33d31daba497e92b20b557e4e5f,3
gcba_2008_questions-100,PREGUNTAS-CATEGORIA-B LIC-AUTOS.pdf,14,question_text_only,b-fallback-004;b-fallback-018;b-fallback-065;b-fallback-068;b-fallback-110,ambiguous,manual_review_old_variant_only_if_architect_scopes,eba7b68db515be660c4677ac42321857841212e9c4fdd9a1cdbf8a7368466a3f,3d1e0dcdcc43f4655fa1b8a5c3f3fa9a910c0652f89e14fa531a453bfda0a724,02f1dbb7345ba4dd634b516ccbc6f1f71171d37e468955d779ea5fd1144b7d78,3
gcba_2008_questions-101,PREGUNTAS-CATEGORIA-B LIC-AUTOS.pdf,14,question_text_only,b-fallback-004;b-fallback-018;b-fallback-065;b-fallback-068;b-fallback-110,ambiguous,manual_review_old_variant_only_if_architect_scopes,90ba95d2efaf6582e99b48f486cd131a87a0857a7cd05e3e6912aec133b44fb8,f424e524ea03ad8eb5c9ecb267bc84bd8a6397ad5e2ab2acbe945fc1c077d316,b8816dddf1c795cd1b6f1e5f5d3869038135b3e7a37a69621fc9ac4903f1807e,3
gcba_2008_questions-102,PREGUNTAS-CATEGORIA-B LIC-AUTOS.pdf,14,question_text_only,b-fallback-004;b-fallback-018;b-fallback-065;b-fallback-068;b-fallback-110,ambiguous,manual_review_old_variant_only_if_architect_scopes,90ba95d2efaf6582e99b48f486cd131a87a0857a7cd05e3e6912aec133b44fb8,46154e8966ce5cdd4b368fbe710b1b08278419ace290999bd6abacdb7f43a6ac,1217bcd54d37fe036fe31d3ecb6401b5a2e573dfe31c2c6fad49e5b7eda0e225,3
gcba_2008_questions-103,PREGUNTAS-CATEGORIA-B LIC-AUTOS.pdf,15,question_text_only,b-fallback-004;b-fallback-018;b-fallback-065;b-fallback-068;b-fallback-110,ambiguous,manual_review_old_variant_only_if_architect_scopes,90ba95d2efaf6582e99b48f486cd131a87a0857a7cd05e3e6912aec133b44fb8,83322f838645a1745fdcee27b27bf8fa6df50878c41ff477c835c0167933a197,dea4d282e1f9653d64344b3e834322ce11481521ebdf828dc1c48809e09bbb7a,3
gcba_2008_questions-104,PREGUNTAS-CATEGORIA-B LIC-AUTOS.pdf,15,question_text_only,b-fallback-004;b-fallback-018;b-fallback-065;b-fallback-068;b-fallback-110,ambiguous,manual_review_old_variant_only_if_architect_scopes,90ba95d2efaf6582e99b48f486cd131a87a0857a7cd05e3e6912aec133b44fb8,d8dd5a78af33823c9d54705231b832c30af69c798990f83e3818d0cb0a2ee8f0,504ca48699d34b1ae8964c1f87cf4d52cbc21ac90f048b422649da6f68e6d96b,3
gcba_2008_questions-105,PREGUNTAS-CATEGORIA-B LIC-AUTOS.pdf,15,question_text_only,b-fallback-004;b-fallback-018;b-fallback-065;b-fallback-068;b-fallback-110,ambiguous,manual_review_old_variant_only_if_architect_scopes,90ba95d2efaf6582e99b48f486cd131a87a0857a7cd05e3e6912aec133b44fb8,a77663d0fecfee7a8e58d86f755645a9212ade5d9d88ad38a36f14986b12ac31,5962ef62f442832c33fbd7a39cd5e4e0410080a9565d357531f5b8159dc2e2f5,3
gcba_2008_questions-106,PREGUNTAS-CATEGORIA-B LIC-AUTOS.pdf,15,question_text_only,b-fallback-004;b-fallback-018;b-fallback-065;b-fallback-068;b-fallback-110,ambiguous,manual_review_old_variant_only_if_architect_scopes,90ba95d2efaf6582e99b48f486cd131a87a0857a7cd05e3e6912aec133b44fb8,97aede9139e15fd53b4a57bcd4a6e60097127b8bb730f35c1a84c892b1d18167,f3f2d63f5867d84f69de854ee732d7cb67886a0f87fb98188f7a8d81fa6fe0cf,3
gcba_2008_questions-107,PREGUNTAS-CATEGORIA-B LIC-AUTOS.pdf,15,question_text_only,b-fallback-004;b-fallback-018;b-fallback-065;b-fallback-068;b-fallback-110,ambiguous,manual_review_old_variant_only_if_architect_scopes,90ba95d2efaf6582e99b48f486cd131a87a0857a7cd05e3e6912aec133b44fb8,43caba38d48cfe9bece7f63b71200158aa82967a8dd152b492d53c3027c1725f,1509ad192a3238434ed9ee3fa0cfef31184c1e7ba2aae82bccf53cd3a8ab6cf9,3
gcba_2008_questions-108,PREGUNTAS-CATEGORIA-B LIC-AUTOS.pdf,15,exact_spanish_tuple,b-fallback-068;b-fallback-262,duplicate,,90ba95d2efaf6582e99b48f486cd131a87a0857a7cd05e3e6912aec133b44fb8,16eb7a1d8e7d95723dfebbd486449a0e2858e226960b256d01d815864791ad2a,607d53352781dc4f607858299bd27c1b37ac56649c266c34c537c01ab655da21,3
gcba_2008_questions-109,PREGUNTAS-CATEGORIA-B LIC-AUTOS.pdf,15,exact_spanish_tuple,b-fallback-123,duplicate,,90ba95d2efaf6582e99b48f486cd131a87a0857a7cd05e3e6912aec133b44fb8,e88d1a05369bdc16fe04cc78469f84afc96091df60b85de2385d8abfabbc1281,9ea8270b4bf9a22f5c26289c9868c9e1db47346da09c6ab69195057dce9fc251,3
gcba_2008_questions-110,PREGUNTAS-CATEGORIA-B LIC-AUTOS.pdf,15,exact_spanish_tuple,b-fallback-068;b-fallback-262,duplicate,,90ba95d2efaf6582e99b48f486cd131a87a0857a7cd05e3e6912aec133b44fb8,16eb7a1d8e7d95723dfebbd486449a0e2858e226960b256d01d815864791ad2a,607d53352781dc4f607858299bd27c1b37ac56649c266c34c537c01ab655da21,3
gcba_2008_questions-111,PREGUNTAS-CATEGORIA-B LIC-AUTOS.pdf,16,question_text_only,b-fallback-004;b-fallback-018;b-fallback-065;b-fallback-068;b-fallback-110,ambiguous,manual_review_old_variant_only_if_architect_scopes,90ba95d2efaf6582e99b48f486cd131a87a0857a7cd05e3e6912aec133b44fb8,b2364539beaaac10d270dea2e83543a47ead56a020ddaf3b4bc64a79d83d28d0,d9dbaeabd6cf152ce439236ff3f0df53f21269e4112275f4e3aaa6e0b6f160de,3
gcba_2008_questions-112,PREGUNTAS-CATEGORIA-B LIC-AUTOS.pdf,16,question_text_only,b-fallback-004;b-fallback-018;b-fallback-065;b-fallback-068;b-fallback-110,ambiguous,manual_review_old_variant_only_if_architect_scopes,90ba95d2efaf6582e99b48f486cd131a87a0857a7cd05e3e6912aec133b44fb8,2bb9126d83b4e1128a9ea18e320643162e82f05025b5ae9a26ec6b66740ffd4e,55b180e2a8e8a2c9c88ddaa25c2bc0f975699da7bb00d6328263883707eea82f,3
gcba_2008_questions-113,PREGUNTAS-CATEGORIA-B LIC-AUTOS.pdf,16,question_text_only,b-fallback-004;b-fallback-018;b-fallback-065;b-fallback-068;b-fallback-110,ambiguous,manual_review_old_variant_only_if_architect_scopes,90ba95d2efaf6582e99b48f486cd131a87a0857a7cd05e3e6912aec133b44fb8,d19d38403c2ff5a4273e0831ab5ac37fe9a5f28573161e6350a19452b91d1f53,0281dfab5abffde2336a6ab4fb897dfefca464501e2f69aa625c0d00b1b58405,3
gcba_2008_questions-114,PREGUNTAS-CATEGORIA-B LIC-AUTOS.pdf,16,question_text_only,b-fallback-004;b-fallback-018;b-fallback-065;b-fallback-068;b-fallback-110,ambiguous,manual_review_old_variant_only_if_architect_scopes,90ba95d2efaf6582e99b48f486cd131a87a0857a7cd05e3e6912aec133b44fb8,0a743dca05c3b98b1c34464992fdc30de5859c4aa56d99dd50af09ef2462e21b,012defa1c4e1457ff6959f2e0e4a97a4ba4653efb02e163e263ea6dda763e8b5,3
gcba_2008_questions-115,PREGUNTAS-CATEGORIA-B LIC-AUTOS.pdf,16,question_text_only,b-fallback-004;b-fallback-018;b-fallback-065;b-fallback-068;b-fallback-110,ambiguous,manual_review_old_variant_only_if_architect_scopes,90ba95d2efaf6582e99b48f486cd131a87a0857a7cd05e3e6912aec133b44fb8,6f1de5f1325c2a9d6c0e90a0c818953b44ec5dc22517a72306d2da58d3b74411,abad988361e70456579d26c559bd9f477c5a00061f32ec0ab600c6b52150734b,3
gcba_2008_questions-116,PREGUNTAS-CATEGORIA-B LIC-AUTOS.pdf,16,question_text_only,b-fallback-004;b-fallback-018;b-fallback-065;b-fallback-068;b-fallback-110,ambiguous,manual_review_old_variant_only_if_architect_scopes,90ba95d2efaf6582e99b48f486cd131a87a0857a7cd05e3e6912aec133b44fb8,b39c227c734f531de1bbbc9317f0b71f48a001fd342a5c680715d74ec3eb680a,e6f4d65177e7fc154852a6d78dd8e0a873370098820f5161bdf9fdb0d2e75a66,3
gcba_2008_questions-117,PREGUNTAS-CATEGORIA-B LIC-AUTOS.pdf,16,question_text_only,b-fallback-004;b-fallback-018;b-fallback-065;b-fallback-068;b-fallback-110,ambiguous,manual_review_old_variant_only_if_architect_scopes,90ba95d2efaf6582e99b48f486cd131a87a0857a7cd05e3e6912aec133b44fb8,e5fd226fe38cfeafaf02b6bd2e499d03bab0958d9b41fa7d061d2997938718c5,1b8a15b93fbcc374ad5491739111ecd7b7aec764cb6734092e674fe9f341317e,3
gcba_2008_questions-118,PREGUNTAS-CATEGORIA-B LIC-AUTOS.pdf,17,question_text_only,b-fallback-004;b-fallback-018;b-fallback-065;b-fallback-068;b-fallback-110,ambiguous,manual_review_old_variant_only_if_architect_scopes,90ba95d2efaf6582e99b48f486cd131a87a0857a7cd05e3e6912aec133b44fb8,62835be730cdfbbb75c3abedbcf90a3d408b1ccc2db3a92cdb5577f2be5e6df4,b7490dba18f0de97740109b97faee525e48436882ee387bb1d01a13f0df6ed60,3
gcba_2008_questions-119,PREGUNTAS-CATEGORIA-B LIC-AUTOS.pdf,17,question_text_only,b-fallback-004;b-fallback-018;b-fallback-065;b-fallback-068;b-fallback-110,ambiguous,manual_review_old_variant_only_if_architect_scopes,90ba95d2efaf6582e99b48f486cd131a87a0857a7cd05e3e6912aec133b44fb8,4c03522f2e2a586d441988bdaf08c057669ee87ff0547a65949911a3002afaed,0e4d17859eafd2e6075e9e4bf477b6a1849d153b622a79f0f2530d40aebba04b,3
gcba_2008_questions-120,PREGUNTAS-CATEGORIA-B LIC-AUTOS.pdf,17,question_text_only,b-fallback-004;b-fallback-018;b-fallback-065;b-fallback-068;b-fallback-110,ambiguous,manual_review_old_variant_only_if_architect_scopes,90ba95d2efaf6582e99b48f486cd131a87a0857a7cd05e3e6912aec133b44fb8,64677e3674995a302a14ff5599808ebc9a3b7a7a890b8b51bb724bffb7ae9480,48e1f00d78d80995c96e36275059271895be9439be2c6e6ad1c400d29bb717da,3
gcba_2008_questions-121,PREGUNTAS-CATEGORIA-B LIC-AUTOS.pdf,17,question_text_only,b-fallback-004;b-fallback-018;b-fallback-065;b-fallback-068;b-fallback-110,ambiguous,manual_review_old_variant_only_if_architect_scopes,90ba95d2efaf6582e99b48f486cd131a87a0857a7cd05e3e6912aec133b44fb8,dfb345501dfe1d6ce620e8e8d5ae68fb2ad84c90babcbcbf1dd193851602d567,877002cb4bb415a93a455dd7d71a2927fef24c294a2819f34b19561d4e0f7466,3
gcba_2008_questions-122,PREGUNTAS-CATEGORIA-B LIC-AUTOS.pdf,17,question_text_only,b-fallback-004;b-fallback-018;b-fallback-065;b-fallback-068;b-fallback-110,ambiguous,manual_review_old_variant_only_if_architect_scopes,90ba95d2efaf6582e99b48f486cd131a87a0857a7cd05e3e6912aec133b44fb8,b8971bf49b8c7440bb0db116eff1ea7ba68534e7c012ae8aa670c350167952f2,02e5e6844fb0266fa6dd767270a8f8bbb5c92601baa9c4fb34d2d16c1200a06c,3
gcba_2008_questions-123,PREGUNTAS-CATEGORIA-B LIC-AUTOS.pdf,17,question_text_only,b-fallback-004;b-fallback-018;b-fallback-065;b-fallback-068;b-fallback-110,ambiguous,manual_review_old_variant_only_if_architect_scopes,90ba95d2efaf6582e99b48f486cd131a87a0857a7cd05e3e6912aec133b44fb8,7ab6109afbfbf3e1e8fd92f74379a36b6ef34dfe1776ed15d2392071052ec2ee,0489457591d65d5863a9bf01679cd9486abc321b76f3a19a18e6e79284c96b8a,3
gcba_2008_questions-124,PREGUNTAS-CATEGORIA-B LIC-AUTOS.pdf,17,question_text_only,b-fallback-004;b-fallback-018;b-fallback-065;b-fallback-068;b-fallback-110,ambiguous,manual_review_old_variant_only_if_architect_scopes,90ba95d2efaf6582e99b48f486cd131a87a0857a7cd05e3e6912aec133b44fb8,dc8a91b5ab7ce82990347a5040dba81d71ef0e3b1adc6a3d746c40b2a7d848db,8eab07042b156c11028b779842cebd0e31bbf82b9377e34e6c5e26b26fe29ab1,3
gcba_2008_questions-125,PREGUNTAS-CATEGORIA-B LIC-AUTOS.pdf,18,no_structured_match,,outdated,reject_unmatched_2008_candidates,b35b1b48d1ff4d015ad87914f4ea8885acd6ad2bf4fc5c64bfdaab65fb81febb,eb01f1cbae56225d4271f14c2ff29c7ce81a6c5f5129a7c51bd79223fa8519a1,2677981c556577baa9974cc40bfad9929af3c1afad33491522dc874ea35b5238,3
gcba_2008_questions-126,PREGUNTAS-CATEGORIA-B LIC-AUTOS.pdf,18,no_structured_match,,outdated,reject_unmatched_2008_candidates,c2f442d2649b7b707034303934b21f6d4883e48ba19b25c84187c34c538c5a0f,b7c4d5a338c5fd945c6639ed320185385f453f92f9610c5bc90e7864b053e179,8a995d24785ddfb0ae3fefc0282f0a59173b502f2d281a5e4efb220209a4ae1f,3
gcba_2008_questions-127,PREGUNTAS-CATEGORIA-B LIC-AUTOS.pdf,19,no_structured_match,,outdated,reject_unmatched_2008_candidates,8f57c29a287e6430264d28f6be05f0da152a14fcdf767e880bccd729eb7de506,55b0aae03b6879ec7ac4f38911d7d2e0676c49851f469fcd20c7025777f3e5dd,081eeb88a763768eb2210d20b6dad9420a65cfc5e6d690a2c42cea39c6bbcde2,3
gcba_2008_questions-128,PREGUNTAS-CATEGORIA-B LIC-AUTOS.pdf,19,no_structured_match,,outdated,reject_unmatched_2008_candidates,cbba068b372810c54f8d4da34c6edab34e4a36208919180a2fa2450164a15f26,e2a3c3a9ae9c5eec229af7e740684daf067a5d240fecfe080a63044f31e3108d,abab36735552c5b7f5a0afd74c1a2d94e587d6c2b3721e7fccc6a8a689620fde,3
gcba_2008_questions-129,PREGUNTAS-CATEGORIA-B LIC-AUTOS.pdf,19,no_structured_match,,outdated,reject_unmatched_2008_candidates,e35d8b3602769031e5c349ff0b32022ebc7a4571470970f676201bb7f2f7070f,aa971c59e661ea99fc04dce470e1b017b78d8889440519ec9a9ee02d7fdafd0a,683802981b2c285328ce6fa8a6c2acc0caf0ff6e0046787ae4dffe0546ee9c6c,3
gcba_2008_questions-130,PREGUNTAS-CATEGORIA-B LIC-AUTOS.pdf,19,no_structured_match,,outdated,reject_unmatched_2008_candidates,08c6ced18ba4ed0700e0e10f1adb9250ba4e0479f41ab58e401e620abc487687,6fc825d5c81e9a286fdada2db3e5c213a9e7ee21f2da9b1bf06e9787b3bfedf2,087818a0aca5f8a5c80b4d534ac7726f86d18fea8059c9dc18732338673a4c75,3
gcba_2008_questions-131,PREGUNTAS-CATEGORIA-B LIC-AUTOS.pdf,19,no_structured_match,,outdated,reject_unmatched_2008_candidates,835c4f7933e868c66f1e40e392874f8f5c9383e12cbf8063439a65d5f06b59a1,55598c0eb2f2b2c44f136f3ce62c9a6492d63611dcefcdf2042a3fcfb9186e65,a3cddd77a8c302abe5eb96450365cad51ff255783c81118693b7a213898c195b,3
gcba_2008_questions-132,PREGUNTAS-CATEGORIA-B LIC-AUTOS.pdf,20,no_structured_match,,outdated,reject_unmatched_2008_candidates,f922e1999fba53fb19982588245ad88fa4415b238ef29aab66c5efdd5c211a00,51ba0d593b4f01a5ae8e07f954d5dc71f08938c5c5efb5d5ab8ef4f03f075b64,41a0802ff1a14eb21d2c49bf87758a1b3fab2511b47810b9d01fb2d6b2b3d095,3
gcba_2008_questions-133,PREGUNTAS-CATEGORIA-B LIC-AUTOS.pdf,20,no_structured_match,,outdated,reject_unmatched_2008_candidates,8c6fea0c9654cea0f8b4e083c4ff3978a1ffac8684c4fc20df8f3e8531948ba4,d9e97a69b31b1f58e96cff5eb8f2c78162aa524e110a54e3760b466364dd1181,c97551d556f904b3a08978b27ce91e00c4f79c1384c78b3065fcbf389ddeb617,3
gcba_2008_questions-134,PREGUNTAS-CATEGORIA-B LIC-AUTOS.pdf,20,no_structured_match,,outdated,reject_unmatched_2008_candidates,0d391e212c80c4168d24e4d2ed92da1dcd1f9353393c71356911b60b46ee0556,03a792025acb5aacc87fa41d68573521ba6fc4e644ec2b0b69499dde04cc49c4,e145e4faf83679da7c1d14dba9d7b048e2cf551b9a89f1e967404568ac37b521,3
gcba_2008_questions-135,PREGUNTAS-CATEGORIA-B LIC-AUTOS.pdf,20,no_structured_match,,outdated,reject_unmatched_2008_candidates,972d9ef488e7b34a4cbd3b00019adb9a8378a7b9125e7961bca1c44176ae5f00,311d097ea5f0a7bf483cbd735f9b294f2ca8f79a6846f1585738e4bc96d67fc9,edd81e7134878b04b0246b9599ed535f5a783a80611cfb5fc707699a93bbf9aa,3
gcba_2008_questions-136,PREGUNTAS-CATEGORIA-B LIC-AUTOS.pdf,20,no_structured_match,,outdated,reject_unmatched_2008_candidates,e5872d0b9773c9d63a9a777e84919f3a45ee9954e74d2c86c4c05d0058292712,f0f6e57a2b9bea2cbe5d6e208db81f6920fa3237c70c8cf08052b9d3be33651d,8a39220be9bb25f83b31466b3a98c606845ed3cb1405be0eaa05c8eed1824076,3
gcba_2008_questions-137,PREGUNTAS-CATEGORIA-B LIC-AUTOS.pdf,20,no_structured_match,,outdated,reject_unmatched_2008_candidates,ba91b6f929dc99606fc925bb223a9ac81640c793cc57cd36c309059017b661b8,27e8073d972d377d616972f3f6648b90b87203000ddad421586d2df0e6bd3aa1,dc648a399cd14954c36bb52d5854ab3b1a9afc7ee5280b764a4d873eda940f5c,3
gcba_2008_questions-138,PREGUNTAS-CATEGORIA-B LIC-AUTOS.pdf,20,no_structured_match,,outdated,reject_unmatched_2008_candidates,07210bb48bb170dc47691f9f7152a715a1c0b7ebd99ee329a92e93750ee1d409,9ab68673ce57d18b9288afe1f8e999b5280ca1d22cd69ed683e7dbf55f283c7c,6cc6100ded972360a8e9c3d26c756e9808e711df6a0012e332c1764583f2da1d,3
gcba_2008_questions-139,PREGUNTAS-CATEGORIA-B LIC-AUTOS.pdf,21,no_structured_match,,outdated,reject_unmatched_2008_candidates,fef0890316f70999def0d00d1d290c4df0f1d8c6c92734289db0196ca22db5fb,ad993ad040118ceb477272bb7162783687b3728b329c94855a871c84ce865bd5,30a0a4ffc29299ebcbc51a43d60d30617848bb7d2b904803e7a116b6a980d72d,3
gcba_2008_questions-140,PREGUNTAS-CATEGORIA-B LIC-AUTOS.pdf,21,no_structured_match,,outdated,reject_unmatched_2008_candidates,008c1d1c8ca8cfd73d03e9e9bf7aaac321f34ea426f0a40f2a56ea9f8e3bb964,c5596720798a793fc063b0a784fb24511c100dcf8ac8ef687d0ab13b0a567093,9edf331f941907655d201dd41f1aad06cf6e665c5dcfbb237434b36165a99d06,3
gcba_2008_questions-141,PREGUNTAS-CATEGORIA-B LIC-AUTOS.pdf,21,fuzzy_question_text,b-fallback-134,ambiguous,manual_review_old_variant_only_if_architect_scopes,b76670e5d1ce19ff44ce8b2cead3a689f640ac8dc33969b0567876bdc37aa763,8ec5090ecc66c4e5c1b02d89053ccf527a0f4f00e33cc9bb62dc60e2302614bc,137e9988bf9fda44c27cab56102e4f3a01f1d0f0a7e03f3fda7c177e49e3d2e8,3
gcba_2008_questions-142,PREGUNTAS-CATEGORIA-B LIC-AUTOS.pdf,21,no_structured_match,,outdated,reject_unmatched_2008_candidates,d02e6d2c8c62aaf9b3a41dd9fda84d4ca6059bdc8f5c28861c415b89a79d2578,951f53b6b03e6f6c1737aec2ea28280e758ba7c27ea7b9ab4d04ab41a5f7f046,3257f3cd3e8acd1f617e4b066d609001beee8c7220e7764121e87ff76c0dd736,3
gcba_2008_questions-143,PREGUNTAS-CATEGORIA-B LIC-AUTOS.pdf,21,no_structured_match,,outdated,reject_unmatched_2008_candidates,23a1cc77b60f4779afce256a912035abf796f1d50f3c25fefd2da3f33b7b1881,65eb0af7f8bec2529c4725ad730096ce8e78ce7700a2043ef15b9b47838c5220,751273fa1ef935b397feb63e3393678968bcc159650bdd71e43ee601225f1900,3
gcba_2008_questions-144,PREGUNTAS-CATEGORIA-B LIC-AUTOS.pdf,21,no_structured_match,,outdated,reject_unmatched_2008_candidates,627c3cb701c8c7ec4e606a166c3fd5f62a3a03c65e6a49a03fd5cf9422521ae5,6c242dcc9431932ed7f281141f7f8dc508de5a8712b9b77473877f8763f80cdb,4393885454b967b69981e60df21e89b13ae29d41f100c060ca7dadf5ee7a48d6,3
gcba_2008_questions-145,PREGUNTAS-CATEGORIA-B LIC-AUTOS.pdf,22,no_structured_match,,outdated,reject_unmatched_2008_candidates,820a218f3a7058e3a04f1e8ad504bb5b7e6b8171653592d0db50562e21a799c4,89d8a3fec2ab349e9c703f31b88f4160ae66e65722e52516069cadb5d95b5dbb,6ebabb501b8d2976574558864779c559f12f43253daf492d8999d61b9d0c1c4c,3
gcba_2008_questions-146,PREGUNTAS-CATEGORIA-B LIC-AUTOS.pdf,22,no_structured_match,,outdated,reject_unmatched_2008_candidates,4eb23bf533e2bd61b53a4cc7ebd18870d2f5d2c2770a424c914b9aae4f25462b,77699425bf8842503e8bfc8dd0e83bc7ded91e965773c64e29d195998b923160,c80883d746d2dac5351cf2c4ca7a9fbdaf5b92ce31b87709c7d0b0e826ef4de7,3
gcba_2008_questions-147,PREGUNTAS-CATEGORIA-B LIC-AUTOS.pdf,22,no_structured_match,,outdated,reject_unmatched_2008_candidates,a60ce2c95faeebe37938a51b8717bf0f741ee47d6f0e7ef968f27024ecde9193,178218633cdf0806703743ac2362ad0db91e4f74b3b2a5bee1484353a258ca83,38fe7071939d843762dafa27b9b77c65917ad1a853467fd54a4f5575b292b1c2,3
gcba_2008_questions-148,PREGUNTAS-CATEGORIA-B LIC-AUTOS.pdf,22,no_structured_match,,outdated,reject_unmatched_2008_candidates,a5433567199fc1f802936f50dfc25a08c9858c794dcb80a1f6fdfb3ff1bf7a7e,404ea927d3d1497ced6e7de357e85d7750bfdb9330914b7b61cabd220bbcb6c4,19369b48c2ea2d3376cbdba9a17ee44280d72088cf01e480b41d496d82e7376e,3
gcba_2008_questions-149,PREGUNTAS-CATEGORIA-B LIC-AUTOS.pdf,22,no_structured_match,,outdated,reject_unmatched_2008_candidates,d12417f005a6518cb994eac41c40077958a1e71f8d6972a6dea92cee4e6b107d,2c437485f1acf20411306bf980f65b99dffdb17e5e0e137b959be2e2d3f9bd4e,d2224c3af7bdd779552d593cdf1b18feb6e868e076feb2f85023ede2dc0845f2,3
gcba_2008_questions-150,PREGUNTAS-CATEGORIA-B LIC-AUTOS.pdf,22,no_structured_match,,outdated,reject_unmatched_2008_candidates,85c360658ff71c66b334b3f1138ff3935ab4178695a16afc6bee5132435c2f0a,d880b24e869a4b0adb2acb088757d234cf2dbf7b9f0e1f05618d7f2e6b548a61,8438e0853b49e13b507b64bbfddbb1aecb70c2e9f5a77a394c4cc647621353b3,3
gcba_2008_questions-151,PREGUNTAS-CATEGORIA-B LIC-AUTOS.pdf,22,no_structured_match,,outdated,reject_unmatched_2008_candidates,f99b487ba5ca7f8f40e9121557c81ed5232a9e5b9386b95d9d4f558971d9e17c,e28b7d7fdff40afb406c6695334f59a10ff4ef2b8d10a8fd923227f03c9689e9,a27c2f75a36c3fd422a815c4ee2fe5e4b2da73d724b0ad5bbfeb953f3f2e9397,3
gcba_2008_questions-152,PREGUNTAS-CATEGORIA-B LIC-AUTOS.pdf,23,no_structured_match,,outdated,reject_unmatched_2008_candidates,8bc9cef8f10a685e5e63f7c42330db3681c6855fa3275dc810cdbf7e9990e330,9fe9bce37daadbef5263e087298b71366d627e154b643c99fdfeb8faaddde235,7b26916f7596b5ee20fef488fbfd47535d4a4187e62551711903ae21910e507d,3
gcba_2008_questions-153,PREGUNTAS-CATEGORIA-B LIC-AUTOS.pdf,23,no_structured_match,,outdated,reject_unmatched_2008_candidates,c3207e513c53404b48114ef2625f4e0c9cc9bbb92be9537794dab58af2b077a5,6d2c7539cddd9a494c6bcf5f3224e4bb66a31f54a7537ded3c8191d821c92a4b,fe54d3f05682e2412da7bcf95f528b5d0a1fbb75267275ed8f2bd38f0c2946cd,3
gcba_2008_questions-154,PREGUNTAS-CATEGORIA-B LIC-AUTOS.pdf,23,no_structured_match,,outdated,reject_unmatched_2008_candidates,66fb0553c78bcaaf6e3736a0516328eda6e33307d4a482b5d720196efe0357cf,aca8f0f8f7c786081a29f17bf45ab7bb60dc497d59d6801f12eb76d63883900a,2fc786c020d316585c82d37d4d37ae47c24e1b341cfd6342bdc308d38ae11c07,3
gcba_2008_questions-155,PREGUNTAS-CATEGORIA-B LIC-AUTOS.pdf,23,question_text_only,b-fallback-332,ambiguous,manual_review_old_variant_only_if_architect_scopes,325479543253efff61ce03f755b2567edd54462e8c5431de24462c4927116934,a03b5c01fc2fcd660586cf344e40b1e35fa4b74fc8e8458d90e22e79b1dc8425,0e84ef3352a6735c64287927bc01730c4c2eaaff5f50e88874b40818dc793ad8,3
gcba_2008_questions-156,PREGUNTAS-CATEGORIA-B LIC-AUTOS.pdf,23,question_text_only,b-fallback-351,ambiguous,manual_review_old_variant_only_if_architect_scopes,fbf1fe0a5bd04a13753f17c48f1b6c699b799ccaa3d635b64806d70374178210,11d707ea209c999be6c9147f5909df55004809c3e457ae821f1e369e8b79ee77,221cec3131bbc76291c28e65cbef967eea02bc0fe924652d4cdcb77a7aa08a88,3
gcba_2008_questions-157,PREGUNTAS-CATEGORIA-B LIC-AUTOS.pdf,23,no_structured_match,,outdated,reject_unmatched_2008_candidates,9102794891d1423eca26ef3fdca75af14acaa0240b3e41af7793a8652ae7a37e,23329579136a516db01b59f988799edb687d23a052300d6daa0018f4dc69b128,349d8dc806288de535893e80347bddb70e9605a7af8c52c70898c38358f285bf,3
gcba_2008_questions-158,PREGUNTAS-CATEGORIA-B LIC-AUTOS.pdf,24,question_text_only,b-fallback-240,ambiguous,manual_review_old_variant_only_if_architect_scopes,d1d46dfb3aaefd62d7cc004adae08e8dd698d0ff1a34f3dc59bbd17d40268a2c,dbc249e4c2f6ddd88c2510538de660a431fac24b92c88bbaab99764cfc205889,572268a302504d1b37d7ef04d2c3137d1923d97ea602b04e48acad3008597878,3
gcba_2008_questions-159,PREGUNTAS-CATEGORIA-B LIC-AUTOS.pdf,24,no_structured_match,,outdated,reject_unmatched_2008_candidates,0ee91adb5df4c3019f51375d881ea7dc8828bdd030e0c8a8615892ddd925ca3b,18b44242ce169b2d41349bde8d8166ce1d57c957b405703ce8d2485319a63351,a9c966952bef6c20092bdb3ac277f6fd26a43374d47d15ba6ff75e2033a24100,3
gcba_2008_questions-160,PREGUNTAS-CATEGORIA-B LIC-AUTOS.pdf,24,no_structured_match,,outdated,reject_unmatched_2008_candidates,d8c07002f4d4505dfe1c5af2dfe7ee27465a95283a5fa9a6cbf3d8b224b13cc2,f96bbeaeed8033de4cde8ce0f168ba809e4abffe001b21c3143f7ea36f19fd4c,9524c81e8beb7d328cd1d51e7870d5badf91b2253aa76e67daa0ab7bdd983476,3
gcba_2008_questions-161,PREGUNTAS-CATEGORIA-B LIC-AUTOS.pdf,24,no_structured_match,,outdated,reject_unmatched_2008_candidates,59e6e5fac64d714035d270faddb1e632b125a651bec1a3f7d52b7e6567b234d0,24e655cf0ab34d34aa825e18f2609f0bc349ae39638590b5885774696b0b2c4b,345608cc80c826acf63216db9bf21489dc46950f4aa653be3a5e1165a65890a6,3
gcba_2008_questions-162,PREGUNTAS-CATEGORIA-B LIC-AUTOS.pdf,24,no_structured_match,,outdated,reject_unmatched_2008_candidates,af4fb45641ab368afc4c52e7b1bfc5ce49eaddb5fee69b5c00e3a6e3472e4820,6f2080b38fc0af9aead4be87cde76617ac38a73fd10ecdc2aab114cea49d7182,1d84c5257e72d8705cd82d93647b7737b3b18f03a3502a40bb0a90ee4e10fac3,3
gcba_2008_questions-163,PREGUNTAS-CATEGORIA-B LIC-AUTOS.pdf,25,no_structured_match,,outdated,reject_unmatched_2008_candidates,fd9005f8a57876752d7ad4a4b5134b40a23287ff17488ceb297e90b84fed7a64,f375647e47135fad71cbf64f12d765f9d0d52fddd8f3294c63093f3c78936186,f90c54ba1e9415e3049337bd516a4ece8b9219b7d9d55c086f30a963f6fd9880,3
gcba_2008_questions-164,PREGUNTAS-CATEGORIA-B LIC-AUTOS.pdf,25,question_text_only,b-fallback-329,ambiguous,manual_review_old_variant_only_if_architect_scopes,bbcd0da683d29117ecf4d05d9da7777dc0006ff012e07e8a582d655538e913c6,694fb4ce212e70c4b98538d64995e498295bd7324aeab7288ed64aa6e8522507,af1ef2d0bd3f7fc65456d11a8ac0926e2afd1c213d23b663836b798942d183bd,3
gcba_2008_questions-165,PREGUNTAS-CATEGORIA-B LIC-AUTOS.pdf,25,no_structured_match,,outdated,reject_unmatched_2008_candidates,fa027ce7e0fb6cba11713e813820747f4e782ec1e0cc2f917807c6ee0ddcb99f,d1de46156ec38f2d46446a97171c60e43a2da975d3d29b27005f6de074e905ac,03a5588b5a74c5a8fddf60fe04a9910ef41323598a554e10ca0d751c77d73761,3
gcba_2008_questions-166,PREGUNTAS-CATEGORIA-B LIC-AUTOS.pdf,25,no_structured_match,,outdated,reject_unmatched_2008_candidates,64c8fe7a4187cbd8ed807448115e512f95425ef752cc7ebf4260428f0647f590,76bdf6c5e27daa54c2c24feaa1c54f30733bb163139da8c4e00d8b98f22052a1,80371ebd0370d2fcd73cfae32d448bf5c657b5d81a2dc90461291ba5c198b1a9,3
gcba_2008_questions-167,PREGUNTAS-CATEGORIA-B LIC-AUTOS.pdf,25,no_structured_match,,outdated,reject_unmatched_2008_candidates,367623b148cb51e49b6b727467cbafb2c78b7aeb821e69a314c5a6ef8b3dc494,b6a8a1b97adea93ea46decff386a3c03c1c9417fddd187e47c009671d0d242e8,c9188601e81590d61924bf42cdeeec90a668c00d508dd5143fbece150b97d22a,3
gcba_2008_questions-168,PREGUNTAS-CATEGORIA-B LIC-AUTOS.pdf,25,no_structured_match,,outdated,reject_unmatched_2008_candidates,dcb609727bd5b371c51de05796bc573bef0e8be1d54b3682ee17b75833d29e04,822d644621c66105945071738e47ae4a46033f8e4dc02e8e7c6d5e46192857d1,fa3b58aec242a728bb53645fdcf179993b5829de791ede31708e0e45f5c634d0,3
gcba_2008_questions-169,PREGUNTAS-CATEGORIA-B LIC-AUTOS.pdf,26,no_structured_match,,outdated,reject_unmatched_2008_candidates,adab189534c337e7769c78dea5721d3057c64ee6afc3f5825bf69d5e0e3dd3e5,19f1278bc6d7ea38177a62c4e332eee2d45f642df9fad486db39e4f56506deaa,0582525081f6d7346efb6a007790bb590e5d36932727e519a4e659d2e6a58845,3
gcba_2008_questions-170,PREGUNTAS-CATEGORIA-B LIC-AUTOS.pdf,26,no_structured_match,,outdated,reject_unmatched_2008_candidates,2ee6a6f2a87b2c9975a75d1c56420885192a5356358cd87960c70e81b90acd11,01b9c034aaac2ff2c88844d9227760bb6804b7e9e18535d7e2e1add7ba1ace7d,dd7b761ea489ab9e0e7019abf58c19249a4e3ae105ef5f8616433acc9001deda,3
gcba_2008_questions-171,PREGUNTAS-CATEGORIA-B LIC-AUTOS.pdf,26,no_structured_match,,outdated,reject_unmatched_2008_candidates,b07c203ac371ba3d90b19b90bb4acab1841276443f4d30578321f4d1bcc9e721,fe026ed70b753acf91ae3d92a806d971d2ee24368282d25d17fd937a8fb8ad58,01cd737c3a91619ca690e04cba76a0ef44186e51c25c6c97cccfc5e665a551a9,3
gcba_2008_questions-172,PREGUNTAS-CATEGORIA-B LIC-AUTOS.pdf,26,no_structured_match,,outdated,reject_unmatched_2008_candidates,6ae8688a2d35ad0808da6d15ccb15a8e218470a43361471c2688efb5566b9532,bd325c04041c79cfbc077c687af02ee6a52f6dbe9e49ad114d7fb4774ef41dd7,6f74a00751e080d476e5d30544628b67d6b17a564d6fb67c168e583632e9e455,3
gcba_2008_questions-173,PREGUNTAS-CATEGORIA-B LIC-AUTOS.pdf,26,no_structured_match,,outdated,reject_unmatched_2008_candidates,731379fd75824ba00b436b8e92fb55197d2bfdf08b71915f6d4ff284468904b4,b4e133bbb4037d48518bb5b1d4c2631c4b9c6f701ac55f2bbf1563e5a380f75d,f331a5a42ee6280de3a1014b53b569040d30a077eb23c287f6cca7a5c49fb8e6,3
gcba_2008_questions-174,PREGUNTAS-CATEGORIA-B LIC-AUTOS.pdf,26,no_structured_match,,outdated,reject_unmatched_2008_candidates,39f1136142027f054d8942df81d3bda66785a1c3106c30b5026c43294a27bd69,1aac269f206f5753f08ea36c6b9c294571009808676864c90fbcd27705aeb1eb,e7b1cb3254b7fd6ed9ec369249e1f5850db3a93cdf0551de2424384f9e687695,3
gcba_2008_questions-175,PREGUNTAS-CATEGORIA-B LIC-AUTOS.pdf,26,no_structured_match,,outdated,reject_unmatched_2008_candidates,ee4dacd4dc7f6b6c01f0b6b8a644c2d7fc1ebca8e49e697c0f8a4b148611d7e2,1938eea5814ec56939d94596c81a7401991c4d1a600bd084a5704e93a2c09abe,75c72f091c2c19e574488d714abdad239033ffbe8882d0cd3806466131d5b73a,3
gcba_2008_questions-176,PREGUNTAS-CATEGORIA-B LIC-AUTOS.pdf,26,no_structured_match,,outdated,reject_unmatched_2008_candidates,daeec2a406c62de4fd87c97becea5f7701a3a68c2105f340d7d124d5b67ddd2f,0afb022f33b8309f64d8690a827753fbba0fabe8372f33b5c8fa0e30d8a26c9c,e0a97ef97313cab157ea9df526090f5d0792dbf2b2797dbe729a918a57730611,3
gcba_2008_questions-177,PREGUNTAS-CATEGORIA-B LIC-AUTOS.pdf,27,no_structured_match,,outdated,reject_unmatched_2008_candidates,c4042c58ea1379fe752df2b26654cf698c649ff617e76e0554b761913219a011,385bf1e7e0655fdeae9681caab7d4ecdd7c76c7e8161b97da89a2a93764f0436,196270411ca5cce345ca85e21e0211d7aff8f6ef7db7ea3dc64b322337bd2fa3,3
gcba_2008_questions-178,PREGUNTAS-CATEGORIA-B LIC-AUTOS.pdf,27,no_structured_match,,outdated,reject_unmatched_2008_candidates,bdd45e593f06b7db8a6823822f2e869a0d6e58fdc5ff014e89ea0bafca1c4b82,35e40da6da0151d739d84c7efa1ab418d4cc1884dcd17e112595e42bfe87c787,03ec64df6126fef12bb1ea881ada9a9e30248d60655090586ec736f53773d60a,3
gcba_2008_questions-179,PREGUNTAS-CATEGORIA-B LIC-AUTOS.pdf,27,no_structured_match,,outdated,reject_unmatched_2008_candidates,5224bb3c855f79c805dfab802ebce1fb7ee455dadb987515dd62734c42912c42,30a044748e2274fcd089237bca8bcbdfe544a1e11a60308ce67831efe5e093ae,f82038d75e65661fbd7d3122d454abd28501ade079f3a275ab4f70ad55c3af58,3
gcba_2008_questions-180,PREGUNTAS-CATEGORIA-B LIC-AUTOS.pdf,27,no_structured_match,,outdated,reject_unmatched_2008_candidates,7cf3a1f6c1fb6e398d347bf4d91faa48832a047e83d00e37805c468f3f243bdd,882e3170338453285f3b64742d8d16b9c167ec0f981fb83b84c91a4913c67cb2,3e398e2ceb88411bab93c6d4560348faa13d922ab90414b6d0afcdb1c77bea79,3
gcba_2008_questions-181,PREGUNTAS-CATEGORIA-B LIC-AUTOS.pdf,27,no_structured_match,,outdated,reject_unmatched_2008_candidates,a4ca12575055513643b361df0358fd70a779c9031db4b42b02efc864d9c4a3f6,362b454afe63fbef21f88e1fa6da6859f705ada86113e049aa1d261a79264972,980eeaf3d573e6bc75cf6c985a69c6ffdfbab4102c7e2784511092d68968ee06,3
gcba_2008_questions-182,PREGUNTAS-CATEGORIA-B LIC-AUTOS.pdf,27,question_text_only,b-fallback-315,ambiguous,manual_review_old_variant_only_if_architect_scopes,cde2268b847d597238b41854295ff86abc3f32a3a418167983b27aba572055fe,8f8a8ba4226c91119df88d5eb4dd3757b04d70fd2e0423525aa2710d987c669d,9fe94987732bc51d263628500bfe2bc26d96baccba3d4c729ec26248a18333ee,3
gcba_2008_questions-183,PREGUNTAS-CATEGORIA-B LIC-AUTOS.pdf,27,no_structured_match,,outdated,reject_unmatched_2008_candidates,42ea3bec798688704a090ada60bf1b9d523a0ce95004d9cf72f21b7976b0f667,329efbb26fc080cc9acfdfcef740a8d298b65d8ebcacdcd0f7a97db42cd5abb6,98e4680e6aed27735b9898ab2fcce322208cc55ea04dd12a1ca4fc562764f3dc,2
gcba_2008_questions-184,PREGUNTAS-CATEGORIA-B LIC-AUTOS.pdf,28,no_structured_match,,outdated,reject_unmatched_2008_candidates,cfe19b647bce099efe3056d022421fdc93c6ccd86db99398ae4428f070885ab9,ac4f5b833810a533f0bc44de047d8cfc9a12bc8960033327601e0bbede804def,c31fac2f0c58a1ea8d9a2e611ae2678b74e22496202c1691517dcddc1f358096,3
gcba_2008_questions-185,PREGUNTAS-CATEGORIA-B LIC-AUTOS.pdf,28,no_structured_match,,outdated,reject_unmatched_2008_candidates,c8f21a0ddfa17b9b9cb70da63507b214b0a594bf87f3987cd2183c717c258f1f,0be4cdb51b0bbc082e79aa6ee9f885110006f68f841b4487745a13d6dc89b877,9a3e4984e636211040ea4a841d190ccf45374fb2108039c392e96f62c262fa3e,3
gcba_2008_questions-186,PREGUNTAS-CATEGORIA-B LIC-AUTOS.pdf,28,no_structured_match,,outdated,reject_unmatched_2008_candidates,4f55ba07a08b1c639d1405a829614a863756623a8801520e4fe3e511e686326e,68198304fc85e64c6f9c58ba1f7c2da6392e436ead8ba7f524524685dd3a3ecd,12071b747c7b91df3f5ecac2d3b5f19e5c0afb31bd82e639be37d39b219170d1,3
gcba_2008_questions-187,PREGUNTAS-CATEGORIA-B LIC-AUTOS.pdf,28,no_structured_match,,outdated,reject_unmatched_2008_candidates,253b5d85445534225168f3fd48efb423f3a97e31859f6b6fe68d906dff562f5f,7ad99f6668d54f41215a4c0ed6bcaefdd1f9c740d55e4761d4b3751f2cf8c7d2,3802ae4c0ae9e255b916326ed169faea6436a96aa4d578d4a51b6bb8f7f58327,3
gcba_2008_questions-188,PREGUNTAS-CATEGORIA-B LIC-AUTOS.pdf,28,no_structured_match,,outdated,reject_unmatched_2008_candidates,b105e54777a3b18819470003d199a0d0e794c178ee65bcc6d8f609acca0ff88c,fa10e65a661867c2d99d7881dc50a50048255c35829a5dabe8a2c007b2986b20,3d7e4391907c48ce492d4614919ac71b2ed5c2945fa9e62245a851b0651f55a3,3
gcba_2008_questions-189,PREGUNTAS-CATEGORIA-B LIC-AUTOS.pdf,28,no_structured_match,,outdated,reject_unmatched_2008_candidates,d5ea0af033f7f69d183d4bc183f5304c3f5639855fa40def295d13cbdb08d241,7e1867b1c335d286f0063c40df1ec629deaeb113691521c07ee04816051d910e,d1a75e2edfd0d92d9a039280982ad7e8499e86d1ea312d6d04d3bcadb4cf916b,3
gcba_2008_questions-190,PREGUNTAS-CATEGORIA-B LIC-AUTOS.pdf,29,no_structured_match,,outdated,reject_unmatched_2008_candidates,68a416b1d14e1448e586a2f3adb493e0b6fde5bc4b002b15c2f1124a490986a8,2f2ad494602934762892388e4dbade57c143c3ffb8d03f88245502d2ae6ac155,2815cc19e0a32aa5d2fed14bc04ee74b6a84cd2e8d2598b4caccdbc1049b5c65,3
gcba_2008_questions-191,PREGUNTAS-CATEGORIA-B LIC-AUTOS.pdf,29,no_structured_match,,outdated,reject_unmatched_2008_candidates,ed186ae2792751d88c245fb755abba321f1861b935a4684b574151fe2cec6742,adea8bef3ad7b1fa1dcf3ae5decd196542b50c912803c2f44aa5d9d3e2ee368c,47af2793ee6ad20f0ce5e146aaef3558788f727dfa415ed6f83cdc7d74e84bf1,3
gcba_2008_questions-192,PREGUNTAS-CATEGORIA-B LIC-AUTOS.pdf,29,no_structured_match,,outdated,reject_unmatched_2008_candidates,0aa6c43e2408bc66d626850cdddbb8f4d7707c162f1febb4dfdc88aa9a3832ee,66f8f5ea91c3d837de0015f2024349a5c7455d3576f311a61d553dd0bf566a19,12baa7cc8fec874a4874d43c5a141ce99cfa24c538df390a11bcae18dace9360,3
gcba_2008_questions-193,PREGUNTAS-CATEGORIA-B LIC-AUTOS.pdf,29,no_structured_match,,outdated,reject_unmatched_2008_candidates,be64e3f73a4ad1c21c90192abd0bd4ea05f0d699de5feda6a5062759b978314e,8b2cc75e099f4fc37686428eb832a3fd68751523eda5f58981a573f20cf16fb8,5af13f58860435131dcbcdc51fa0252a0744ba6aa888e330a026632d55d20832,3
gcba_2008_questions-194,PREGUNTAS-CATEGORIA-B LIC-AUTOS.pdf,29,no_structured_match,,outdated,reject_unmatched_2008_candidates,8f2429fc75d8879a181ccf3fe52106e9a9a32847ad1ca89f5fe4dd9675150453,8f29bc61b25600758376debbacb2e9bdb031533d1bd6706434f2142f49d5a185,295ecfc589e4a6e2e182e16879e99b91786c928e5efcf02e037d5273f20cf0b5,3
gcba_2008_questions-195,PREGUNTAS-CATEGORIA-B LIC-AUTOS.pdf,29,no_structured_match,,outdated,reject_unmatched_2008_candidates,2dfe48418895e1079d560fd2201c22447bd35537726cd8a8daa69e040592481b,1b20d58278a175f24dff3aca75596d023589e1d157502f7ce15a03f179355743,601b6c9fe98ec9edeebae8d468c5ffc9f22726f05643dcc516749fe7cf9bd913,3
